date,portfolio_equity,spy_equity
2022-04-14,99993.27536750794,100000.0
2022-04-18,100118.0431363678,100041.09092047566
2022-04-19,100259.870994339,101656.02744796875
2022-04-20,100284.39926124574,101580.65234967062
2022-04-21,100230.01313758851,100061.6584805273
2022-04-22,100023.61623579408,97316.03654572544
2022-04-25,100058.88054853822,97880.25215887556
2022-04-26,99664.3217667389,95045.54587460934
2022-04-27,99635.74839485169,95312.79892300241
2022-04-28,99867.03336036683,97720.35263936235
2022-04-29,99363.70377815247,94109.02943142704
2022-05-02,99706.08318794251,94675.5213253995
2022-05-03,99920.79058540345,95109.51010237739
2022-05-04,100662.28502357483,98005.88960038012
2022-05-05,99653.56258094788,94522.46538156249
2022-05-06,99547.00518501282,93958.25713501697
2022-05-09,98646.29528511048,90950.00101290813
2022-05-10,98600.99482429505,91160.12604260477
2022-05-11,97958.70734107972,89711.9326103011
2022-05-12,97901.1694077301,89618.29569919207
2022-05-13,98418.02801979065,91760.88001458588
2022-05-16,98002.40813148499,91388.55708473989
2022-05-17,98621.5324295807,93268.46301319911
2022-05-18,97863.74790657044,89508.63642307147
2022-05-19,97729.51370704651,88960.43580832832
2022-05-20,97331.38148200989,88999.27254779545
2022-05-23,97906.54147608185,90664.44195207655
2022-05-24,97502.32776148224,89972.34944962256
2022-05-25,97789.92290003205,90767.25028591635
2022-05-26,98279.13065198518,92580.90097257597
2022-05-27,98677.03072217561,94853.6826577236
2022-05-31,98666.52707532502,94321.47494157362
2022-06-01,98529.37041333772,93558.53780265234
2022-06-02,98788.9258014908,95340.21742533486
2022-06-03,98788.9258014908,93775.5358744436
2022-06-06,98788.9258014908,94061.06546885676
2022-06-07,98788.9258014908,94963.3124674258
2022-06-08,98788.9258014908,93930.86809910293
2022-06-09,98788.9258014908,91696.91578681783
2022-06-10,98788.9258014908,89038.10928726259
2022-06-13,98782.25410691071,85657.48603568015
2022-06-14,98763.88517990876,85399.38231020405
2022-06-15,98941.2017997818,86616.86105294562
2022-06-16,98821.34297409821,83750.17633809768
2022-06-17,98699.1275810318,83930.72445031318
2022-06-21,98817.33839646149,86043.56978292458
2022-06-22,98810.98201218415,85887.56719724636
2022-06-23,98849.36549607087,86729.49643732586
2022-06-24,99239.7979301529,89486.95650572477
2022-06-27,99180.13004886628,89145.1386855399
2022-06-28,98942.79694950105,87323.64993158267
2022-06-29,99136.2682782364,87252.53273074508
2022-06-30,98973.67291080476,86543.65910300538
2022-07-01,99030.00645267488,87458.9891913494
2022-07-05,98893.14961063386,87624.17793296758
2022-07-06,98770.68731510163,87920.10917308021
2022-07-07,98843.47927677156,89236.88974587056
2022-07-08,98847.24523746491,89163.48889760603
2022-07-11,98748.02686893464,88144.92321235526
2022-07-12,98557.36721622468,87364.9544835918
2022-07-13,98508.39784061433,86906.12551589253
2022-07-14,98308.28881656648,86695.09439382973
2022-07-15,98673.74295737458,88351.3944061688
2022-07-18,98479.90041281891,87621.87955233143
2022-07-19,98584.71469809723,89989.37367286014
2022-07-20,98441.50205161286,90562.87857441467
2022-07-21,98627.81040122223,91485.0890714579
2022-07-22,98680.58634116364,90636.28678928381
2022-07-25,98720.30658652497,90746.40279488979
2022-07-26,98706.85744622041,89672.77174023143
2022-07-27,98653.63518669893,92001.26705599172
2022-07-28,98691.41890862276,93155.16463440462
2022-07-29,98662.17946749117,94513.25712580871
2022-08-01,98508.46187715913,94233.37771712606
2022-08-02,98366.46001558687,93611.69522146776
2022-08-03,98489.03969698335,95077.6127044463
2022-08-04,98312.53472261812,95013.37591230794
2022-08-05,98212.24511080171,94852.77656535743
2022-08-08,98216.42614107515,94742.66792635605
2022-08-09,98229.04934053804,94366.44069607047
2022-08-10,98439.46654634859,96348.49933055982
2022-08-11,98338.66231661226,96348.49933055982
2022-08-12,98648.30849581148,97979.59082194732
2022-08-15,98812.6837399521,98383.354420239
2022-08-16,98732.10469942476,98576.05006344488
2022-08-17,98927.45379000093,97876.34785843597
2022-08-18,98908.92177706148,98160.8240283909
2022-08-19,98923.7918637314,96841.7303417552
2022-08-22,98767.65691500093,94825.26229716514
2022-08-23,98590.58925753023,94595.84413001321
2022-08-24,98679.7963192978,94898.66314542966
2022-08-25,98869.89669161226,96238.42015797683
2022-08-26,98451.12139254,92980.82656986947
2022-08-29,98248.50484590913,92366.0171163058
2022-08-30,98076.72912563325,91352.04082572271
2022-08-31,97951.93179058077,90656.93538198607
2022-09-01,98126.22354659274,90941.3968187318
2022-09-02,97728.33806380465,89982.47116434711
2022-09-06,97691.67844161227,89642.96645800759
2022-09-07,97975.49640425875,91253.39462348363
2022-09-08,98356.92459639742,91849.83176516737
2022-09-09,98721.19766768649,93276.76517658672
2022-09-12,98674.83249434664,94279.25693059369
2022-09-13,97583.97543868258,90179.76356882526
2022-09-14,97706.43973311617,90523.86503643707
2022-09-15,97566.42899092867,89496.14266166475
2022-09-16,97494.22380599215,88813.36891403356
2022-09-19,97486.60045394137,89502.1243446024
2022-09-20,97221.13153609469,88474.77766666483
2022-09-21,96942.29955062106,86931.4298027039
2022-09-22,96775.79556807711,86201.21512142927
2022-09-23,96559.82405623629,84756.94072277441
2022-09-26,96276.95551644136,83918.46642025374
2022-09-27,96329.70905648042,83704.24555839784
2022-09-28,97241.00739632417,85351.23418251867
2022-09-29,96569.3015857773,83568.32433686746
2022-09-30,96205.99384651949,82276.06719080059
2022-10-03,96686.70066072847,84448.25789009394
2022-10-04,97729.67852022554,87065.03054378433
2022-10-05,97410.80878450777,86862.31631831835
2022-10-06,97197.11598970796,85966.27200082506
2022-10-07,95681.80822756197,83568.32433686746
2022-10-10,95513.30735781099,82930.26587917663
2022-10-11,95231.94537355806,82405.06380400412
2022-10-12,95212.9451828232,82133.25819396638
2022-10-13,95994.98849489595,84300.83003217365
2022-10-14,95029.72161867525,82379.73005077432
2022-10-17,95876.44652559664,84496.634382522
2022-10-18,96172.89298250581,85489.4464180806
2022-10-19,95994.14137270357,84883.63158873719
2022-10-20,95657.1562500229,84171.85551878392
2022-10-21,96492.59777071382,86217.34798550988
2022-10-24,96629.12969887545,87272.34153052261
2022-10-25,97188.80820632173,88665.95578932247
2022-10-26,97375.58320021821,87997.92261750194
2022-10-27,97355.1997163315,87528.03637629353
2022-10-28,97510.27842116548,89610.38396584842
2022-10-31,97525.93245156099,88963.10251919461
2022-11-01,97332.11183388521,88573.81429894787
2022-11-02,97380.61793740084,86350.9413599857
2022-11-03,97517.57615883638,85461.80691761005
2022-11-04,97430.55061562349,86691.860454409
2022-11-07,97586.66762001802,87521.11913457129
2022-11-08,97619.07316811373,87993.33322283426
2022-11-09,97549.98234780123,86180.51496249477
2022-11-10,97661.05906899263,90916.46822875517
2022-11-11,97326.4042533188,91796.40178198165
2022-11-14,97423.27867348482,91015.51959424742
2022-11-15,97298.4046805649,91791.79028750016
2022-11-16,97359.30839760591,91091.5208539368
2022-11-17,97519.54106362154,90812.81273538603
2022-11-18,97537.93464882662,91225.13632822644
2022-11-21,97527.71599037935,90893.41812295232
2022-11-22,97521.78795082857,92116.58388444745
2022-11-23,97538.95619423677,92697.07232716565
2022-11-25,97611.10267861177,92676.32060199893
2022-11-28,97621.72892983248,91197.48209454669
2022-11-29,97584.5328849106,91040.86808068641
2022-11-30,97730.25306923677,93908.70198585244
2022-12-01,97708.54620040132,93839.59586807148
2022-12-02,97777.04620040132,93731.32888022086
2022-12-05,97556.1918913193,92045.18675263494
2022-12-06,97557.96474898531,90718.35813116608
2022-12-07,97684.68642867281,90564.02776473275
2022-12-08,97686.32717574312,91273.5201872591
2022-12-09,97488.0188871689,90591.6598985987
2022-12-12,97563.51989424898,91897.77362792385
2022-12-13,97495.49834883882,92593.4094671919
2022-12-14,97573.19470473482,92001.41438808378
2022-12-15,97420.97457265476,89750.90931525569
2022-12-16,97128.27663564304,88691.28954255226
2022-12-19,97016.38143300632,87939.21077881586
2022-12-20,96722.11235951999,88059.53689840164
2022-12-21,96999.25084828952,89376.24380514593
2022-12-22,96325.6632628403,88101.20241403632
2022-12-23,96316.85329579929,88607.99534430589
2022-12-27,95724.87459706882,88258.5604549615
2022-12-28,95808.65264272311,87161.680396176
2022-12-29,96265.5543150864,88730.62721113242
2022-12-30,96319.31807851413,88496.90694689231
2023-01-03,95875.63121938327,88124.34091909442
2023-01-04,96123.56724294284,88804.676320602
2023-01-05,95552.71861013034,87791.11992648129
2023-01-06,96025.67634328463,89804.346665046
2023-01-09,96186.45829518893,89753.43606063451
2023-01-10,96383.9135564194,90382.8608577306
2023-01-11,97052.03944142917,91526.01056002769
2023-01-12,97314.96201833346,91859.25365245464
2023-01-13,97515.35905202487,92215.61315012588
2023-01-17,97215.94453414157,92046.68953997396
2023-01-18,96928.72969039157,90593.44998351723
2023-01-19,96939.91892989352,89933.94733982699
2023-01-20,96860.12107833102,91609.31949148329
2023-01-23,97023.91905196384,92708.50529750953
2023-01-24,97100.44059737399,92608.9972025319
2023-01-25,97187.1872404404,92643.70864342134
2023-01-26,97422.99803145602,93661.91336504657
2023-01-27,97269.38111861423,93877.10661871007
2023-01-30,97143.11396773532,92699.26757533735
2023-01-31,97575.24815352634,94062.24412559324
2023-02-01,97770.73249800876,95061.89973682805
2023-02-02,97799.17709889988,96445.7311447151
2023-02-03,97971.52338185886,95420.60181476304
2023-02-06,97855.07474294284,94837.46139438776
2023-02-07,98108.13275685886,96077.79871121253
2023-02-08,98043.25357595066,95027.20302914781
2023-02-09,97810.30911794284,94203.38090318255
2023-02-10,97979.46628347019,94423.24458416438
2023-02-13,98237.402928978,95531.69021217663
2023-02-14,98129.73517385105,95487.71158269657
2023-02-15,97955.78198781589,95797.79407025164
2023-02-16,97599.01081444553,94478.77404966197
2023-02-17,97530.65153099826,94242.74067157651
2023-02-21,97167.28034569553,92352.1457998383
2023-02-22,97144.36249901584,92224.86560550728
2023-02-23,97220.59467675022,92715.4520056502
2023-02-24,97064.50660301975,91725.02674998296
2023-02-27,97179.05094506076,92037.43708459257
2023-02-28,96880.23377587131,91697.26201723417
2023-03-01,96761.64609886936,91345.52138064904
2023-03-02,96847.56592919162,92055.94199535534
2023-03-03,97309.75048540498,93532.31269026558
2023-03-06,97384.63955400849,93597.10934435377
2023-03-07,96916.53182695771,92162.40416507823
2023-03-08,97056.21008013154,92312.80076465356
2023-03-09,96736.9421719971,90609.64178043467
2023-03-10,96550.66038995364,89302.20942888556
2023-03-13,96436.5110445557,89174.92186794993
2023-03-14,97374.32789331058,90648.98681561941
2023-03-15,96994.35495477298,90082.04555876617
2023-03-16,97677.46303610996,91662.54320974012
2023-03-17,96968.47426859286,90590.76853944172
2023-03-20,97542.62183325962,91461.84743393537
2023-03-21,98195.09295218662,92662.79551594779
2023-03-22,97786.38787406162,91083.2186905492
2023-03-23,98410.79508536533,91329.46218261444
2023-03-24,98327.88403266147,91928.75756688416
2023-03-27,98247.72471183017,92100.6499186911
2023-03-28,98199.10020774082,91893.90616050726
2023-03-29,98855.70701544956,93229.58207410436
2023-03-30,99370.52407782749,93775.47694160677
2023-03-31,100156.8756509476,95097.19313948113
2023-04-03,100501.89728028109,95459.56378650843
2023-04-04,100464.61263520052,94929.9417485741
2023-04-05,100191.84932953646,94681.39250926812
2023-04-06,100573.59503037264,95050.73933085447
2023-04-10,100500.59141022494,95148.2952756123
2023-04-11,100280.06403977206,95173.8573935848
2023-04-12,100126.42122895052,94785.92462858501
2023-04-13,101043.47172409823,96044.92892147384
2023-04-14,101482.79543549349,95810.31729807677
2023-04-17,101459.36067444613,96154.10936829523
2023-04-18,101717.57166535189,96216.82863988538
2023-04-19,101723.8604341202,96200.5852767357
2023-04-20,101371.62235234835,95675.60419970128
2023-04-21,101501.28264211275,95749.91850693658
2023-04-24,101401.98131536104,95849.80966535358
2023-04-25,100559.64072774508,94328.31115064523
2023-04-26,100289.07144902804,93928.76125018646
2023-04-27,102479.43821309664,95798.7075292224
2023-04-28,103133.55912374117,96616.34907392572
2023-05-01,103778.05193303683,96518.80786237709
2023-05-02,103214.17533467867,95434.00903514054
2023-05-03,103357.5315121155,94778.94845402594
2023-05-04,103258.0203579407,94107.63714315706
2023-05-05,104595.10446438601,95849.80966535358
2023-05-08,105257.70843395998,95875.37178332606
2023-05-09,104812.51578411867,95454.92282560852
2023-05-10,105315.27373458864,95900.91916808934
2023-05-11,105658.4502635193,95733.6677771823
2023-05-12,105160.11598541262,95608.22186739744
2023-05-15,105643.24548675539,95938.0836883116
2023-05-16,106028.03082229616,95296.96808971051
2023-05-17,107245.31194259645,96453.768110337
2023-05-18,108534.17629994203,97382.9326821255
2023-05-19,108367.14961613466,97241.22867598174
2023-05-22,108452.73139179994,97280.72840986315
2023-05-23,107557.15858448793,96188.96077467214
2023-05-24,107375.73739231874,95492.07997922617
2023-05-25,110653.75534428407,96319.04764535693
2023-05-26,112163.82580747987,97566.43480278678
2023-05-30,112626.13429441834,97603.59932300904
2023-05-31,111431.89636412049,97062.37488282494
2023-06-01,113047.34753599549,97984.56328005437
2023-06-02,113322.471269516,99401.52967544582
2023-06-05,113325.296609787,99211.04401362085
2023-06-06,113720.23105802918,99427.0770602091
2023-06-07,111779.7707919159,99083.29235659524
2023-06-08,112975.85050382996,99682.60984067876
2023-06-09,113322.9495028534,99861.47100044016
2023-06-12,114550.49283018494,100767.4013013107
2023-06-13,114784.90919676209,101431.7438042251
2023-06-14,115645.50699797059,101552.52665329629
2023-06-15,116311.82055845643,102811.55304599891
2023-06-16,115594.779031662,102461.3446631712
2023-06-20,115863.19331541444,101929.76310841249
2023-06-21,114740.10521116639,101407.50767508117
2023-06-22,115353.13880339051,101773.55425780539
2023-06-23,114997.04320707703,101004.12714022884
2023-06-26,113411.39443388367,100591.4499503675
2023-06-27,114870.26204100037,101694.26749246304
2023-06-28,114600.36960783387,101745.5611603139
2023-06-29,114712.08846464539,102146.59174829785
2023-06-30,116273.52605619813,103351.9892594905
2023-07-03,116266.79643431092,103470.91572420168
2023-07-05,116496.73133268738,103317.02735404453
2023-07-06,115873.96277037049,102507.97527030835
2023-07-07,115737.53750028992,102249.17171739494
2023-07-10,115472.7590655365,102507.97527030835
2023-07-11,115593.00316038514,103160.79640362364
2023-07-12,117195.47286405945,103990.82857726925
2023-07-13,118657.24655332947,104816.20505680573
2023-07-14,118764.49225798035,104750.91484020914
2023-07-17,119518.84772673035,105114.63357587878
2023-07-18,120010.08808317567,105895.6925621235
2023-07-19,120136.55518522645,106131.18081146832
2023-07-20,118328.18714323426,105427.05864369759
2023-07-21,117611.8041399994,105427.05864369759
2023-07-24,117751.89399137879,105898.02040917806
2023-07-25,118400.26722135926,106187.13017342829
2023-07-26,118688.21049681092,106203.44720262398
2023-07-27,119060.81141081238,105499.32503485325
2023-07-28,120811.7985552826,106532.1966662431
2023-07-31,120779.01268949891,106735.04349059192
2023-08-01,120668.03436460877,106429.61669714599
2023-08-02,118360.21186247254,104949.08387063506
2023-08-03,118511.76276579285,104648.32750450743
2023-08-04,118759.22044554139,104175.01579215862
2023-08-07,119689.7470721283,105084.31263133275
2023-08-08,120229.93776884461,104627.35478120264
2023-08-09,118758.51932707215,103927.8662077272
2023-08-10,118647.8249148407,103965.17806004151
2023-08-11,118047.10099211121,103904.55827076324
2023-08-14,119903.75459471131,104478.12210515459
2023-08-15,119209.15561857606,103261.0779920846
2023-08-16,118076.41711427308,102503.31220959463
2023-08-17,117009.19343568421,101722.24585674531
2023-08-18,116956.26446577454,101771.21167754162
2023-08-21,119124.48838087464,102433.36629888893
2023-08-22,118475.64661451722,102155.9178697253
2023-08-23,120182.04795881653,103293.70468387137
2023-08-24,118280.07100721741,101862.14504476132
2023-08-25,118566.86640211487,102580.2637612778
2023-08-28,119371.23381086731,103230.74231432934
2023-08-29,121773.8320545807,104722.93647592685
2023-08-30,121969.83480879212,105154.25117543385
2023-08-31,122216.17665907288,105000.3775384859
2023-09-01,122057.68936201477,105196.22608846186
2023-09-05,122371.1886219635,104741.58871878171
2023-09-06,121105.55115553284,104037.46655101098
2023-09-07,120793.7675861969,103718.0432088193
2023-09-08,120977.80101057435,103874.25205942639
2023-09-11,122469.88658186341,104557.40150389232
2023-09-12,121878.21419569397,103983.83030289637
2023-09-13,122722.40608259583,104105.07724805751
2023-09-14,123490.6912114258,105002.71275214506
2023-09-15,121425.5002324219,103737.60154404033
2023-09-18,121491.44536944582,103798.43496485209
2023-09-19,121378.58015032961,103583.18277835177
2023-09-20,119809.28898974611,102630.90916792359
2023-09-21,117544.04726763918,100934.59375938092
2023-09-22,117523.80012866213,100707.63603816637
2023-09-25,118206.34627886965,101131.12740358496
2023-09-26,116868.56271868899,99645.37902101508
2023-09-27,117066.28252917483,99685.1439526622
2023-09-28,118083.56556445315,100263.09091679235
2023-09-29,117844.8634923096,100019.7425003361
2023-10-02,119027.30010729983,99979.96283547978
2023-10-03,116954.84557849124,98641.627577621
2023-10-04,118664.54041796878,99359.93045925254
2023-10-05,118904.74534350589,99322.50074126458
2023-10-06,121267.45717364505,100501.7320729073
2023-10-09,121715.90051013186,101145.16078535371
2023-10-10,122457.84183245852,101671.61518330874
2023-10-11,124014.00798541262,102088.08617454064
2023-10-12,123787.41970753482,101465.71121804966
2023-10-13,122185.0296623688,100960.32530925926
2023-10-16,123417.08467030337,102022.56759320137
2023-10-17,122565.03057026675,102017.88243267384
2023-10-18,120673.10200428775,100658.4786856504
2023-10-19,119484.44677662662,99774.06623682528
2023-10-20,117931.09223103336,98548.02749953499
2023-10-23,118380.75535511783,98377.2327718139
2023-10-24,119480.97112202457,99118.93198966465
2023-10-25,116563.19545674136,97696.37434137952
2023-10-26,114079.9799373932,96526.49123097805
2023-10-27,114706.781527298,96088.9517505815
2023-10-30,116090.82342030336,97237.77373842291
2023-10-31,116180.22689320376,97848.45789340891
2023-11-01,118541.0506313019,98891.98163505473
2023-11-02,120393.8020198517,100787.18063466983
2023-11-03,121818.3274257355,101706.70232103294
2023-11-06,122806.53065754702,101940.68041643416
2023-11-07,123643.10221363833,102230.799405515
2023-11-08,124390.27185322573,102305.68094130474
2023-11-09,123162.85365536502,101507.82609656514
2023-11-10,125368.59376004031,103091.83761793474
2023-11-13,125720.46827175906,102993.5671125304
2023-11-14,127931.74785092166,104991.72914468196
2023-11-15,127112.42660763553,105214.00170536897
2023-11-16,127650.45290615848,105342.68155457458
2023-11-17,127786.6582360535,105473.70398404394
2023-11-20,128940.36381008914,106285.60694376151
2023-11-21,128273.74811795047,106053.96406201944
2023-11-22,128719.1169381409,106463.40731246007
2023-11-24,128420.19767962648,106528.91852719475
2023-11-27,128276.29887957765,106337.07741012282
2023-11-28,128800.3601893921,106442.35355650462
2023-11-29,128432.85379595948,106367.4941205287
2023-11-30,127537.26188464357,106786.29295881516
2023-12-01,127465.12814898683,107418.05296957039
2023-12-04,126058.68311877442,106854.16148702281
2023-12-05,126837.576559021,106833.10036446276
2023-12-06,126002.5563334961,106402.5959914621
2023-12-07,128287.1192531128,107214.47685136586
2023-12-08,129131.92448229982,107675.4126679816
2023-12-11,128293.7181758423,108094.22623947727
2023-12-12,129384.19283862306,108587.92134676265
2023-12-13,130454.64183612062,110085.35316423293
2023-12-14,130134.6453532715,110438.66288759852
2023-12-15,130752.50003619386,110256.82561957747
2023-12-18,132108.69338793948,110877.03479431519
2023-12-19,132731.54136462405,111551.25591400225
2023-12-20,131056.7439784546,110005.46233731315
2023-12-21,132510.20811267092,111048.51461626435
2023-12-22,132421.28467364504,111271.69326931753
2023-12-26,133105.70123858645,111741.53531089834
2023-12-27,133787.10200305178,111943.57917534545
2023-12-28,133835.82810015872,111985.8708523714
2023-12-29,133309.91174884036,111661.65921718776
2024-01-02,131615.7161159058,111036.77224852715
2024-01-03,131130.68866534426,110129.97268831344
2024-01-04,130777.40460772706,109775.22647705027
2024-01-05,131508.36868090823,109925.59361020717
2024-01-08,134246.3382930298,111494.88665557992
2024-01-09,134691.76890368655,111325.73468068532
2024-01-10,136034.30418963626,111955.32890968726
2024-01-11,136133.76292224124,111905.98739205621
2024-01-12,136250.9857844849,111983.52090550303
2024-01-16,136783.53270526126,111572.39806921293
2024-01-17,136188.14796252444,110952.20362768443
2024-01-18,137514.71761126711,111938.87928160872
2024-01-19,140200.39742846682,113334.32045835015
2024-01-22,139741.18265338137,113573.95610608647
2024-01-23,140186.72439379885,113905.18074885219
2024-01-24,141748.1213588257,114029.69846645709
2024-01-25,141793.98921008303,114649.9150077994
2024-01-26,141636.7759608765,114504.24776837922
2024-01-29,143142.5362758179,115411.03996198831
2024-01-30,142552.18978686526,115321.7861806181
2024-01-31,139784.33031268313,113440.05333421731
2024-02-01,141645.27503771975,114924.77775874738
2024-02-02,147062.6729793091,116134.63943232945
2024-02-05,147602.19678302004,115711.75212848833
2024-02-06,146899.83348651126,116047.70613140918
2024-02-07,149154.6556758423,117015.58957699114
2024-02-08,149133.69804949954,117067.28104149055
2024-02-09,150868.62029071047,117743.85210804599
2024-02-12,150283.44147296145,117692.16064354657
2024-02-13,148858.31119342044,116071.19086688363
2024-02-14,151188.05432696536,117126.00761338585
2024-02-15,151391.9974485474,117934.14623815128
2024-02-16,150894.09791098026,117346.83631957068
2024-02-20,148769.35851583866,116700.78509588557
2024-02-21,148026.35303793338,116806.51060514816
2024-02-22,154417.63660726932,119223.86927223472
2024-02-23,154123.86805258182,119306.09531281366
2024-02-26,153580.74859152225,118869.13042757614
2024-02-27,153695.18581686405,119089.96650036557
2024-02-28,152900.21245870975,118932.57162641737
2024-02-29,155132.97193441776,119360.12199097223
2024-03-01,157984.10924826053,120480.71514997487
2024-03-04,158863.83942709357,120351.50490523785
2024-03-05,157797.0569905396,119148.70043886548
2024-03-06,159284.5625599976,119752.45261892003
2024-03-07,161503.60420123296,120941.1721372914
2024-03-08,159027.1772450562,120215.23745329112
2024-03-11,156364.19799700932,120111.8692575015
2024-03-12,159954.7245167847,121403.97170487171
2024-03-13,159194.96426287846,121213.67757476644
2024-03-14,157975.47643939214,120974.05666023931
2024-03-15,157259.84403887944,120143.36885878403
2024-03-18,158331.43508807378,120857.40647635044
2024-03-19,158482.58123675542,121529.04191782183
2024-03-20,159591.89121905522,122653.1047475925
2024-03-21,160144.31754962163,123058.40059964161
2024-03-22,160871.4021290894,122825.1149650731
2024-03-25,160587.2965382691,122485.77969063944
2024-03-26,159588.34524432378,122259.543896676
2024-03-27,159509.35362139897,123287.03054010104
2024-03-28,159420.39086810307,123263.42057234833
2024-04-01,159584.04598895268,123048.97134574974
2024-04-02,159210.64051715093,122266.63057030411
2024-04-03,159932.7645863648,122400.93113882182
2024-04-04,157591.10625154118,120906.90269267814
2024-04-05,160350.88672334293,122169.99545112166
2024-04-08,159869.58285981754,122238.3501752331
2024-04-09,159130.82931977848,122379.73741737893
2024-04-10,159143.04439241032,121154.32484147987
2024-04-11,161191.69653779606,122068.64570499328
2024-04-12,158090.50658113102,120383.74853358527
2024-04-15,156285.16023713688,118875.5614733946
2024-04-16,156626.2225540314,118658.76229992762
2024-04-17,154636.22839814762,117956.50388312145
2024-04-18,154790.8125503693,117713.78899466105
2024-04-19,150383.96095735172,116686.33918425904
2024-04-22,151985.45962983707,117760.905797702
2024-04-23,154545.62291413883,119158.34332429082
2024-04-24,153391.52031404118,119101.78990075341
2024-04-25,151701.08524018864,118649.33304603575
2024-04-26,155130.18074494938,119773.40324241102
2024-04-29,154717.60185700993,120197.57970205767
2024-04-30,153699.20618135075,118293.50394389595
2024-05-01,152549.9129837189,117909.37971347591
2024-05-02,153757.29585725407,119012.23408859447
2024-05-03,155304.21598670963,120487.42612676822
2024-05-06,158300.20745704655,121731.6898438464
2024-05-07,158168.96334693913,121866.01251217793
2024-05-08,158258.90501258854,121877.76961312436
2024-05-09,158278.68958900456,122580.04276313972
2024-05-10,158329.7997422028,122737.95329941013
2024-05-13,158049.16477821354,122754.39556088406
2024-05-14,159248.23245094303,123317.62404901738
2024-05-15,162079.27259681706,124844.67698359641
2024-05-16,161427.47500465397,124587.81821429821
2024-05-17,161371.5341172028,124766.90037219769
2024-05-20,162037.5352310944,124910.65229442109
2024-05-21,162760.16027687077,125216.9999134424
2024-05-22,162475.31318519596,124856.46355096126
2024-05-23,163712.45950172428,123944.4631678978
2024-05-24,165826.29365394596,124764.54305872472
2024-05-28,168416.036344986,124851.74892401532
2024-05-29,167807.81875465397,123977.46555651937
2024-05-30,165820.98533485417,123155.02098561486
2024-05-31,165794.02635047917,124276.71176870335
2024-06-03,167868.0155625153,124378.07624804093
2024-06-04,168026.07754371647,124517.11354331841
2024-06-05,171370.74091957096,125997.02020843809
2024-06-06,171366.4558701325,125994.64816175589
2024-06-07,171423.38406227116,125841.49645205906
2024-06-10,172111.1175217438,126230.2763765882
2024-06-11,172559.3501114655,126534.29614855496
2024-06-12,174403.6341233063,127573.54725953101
2024-06-13,175587.2066941071,127830.4060288292
2024-06-14,176288.4633774567,127908.16790701871
2024-06-17,176761.7463211823,128926.20319673806
2024-06-18,177462.95490882877,129253.75190380689
2024-06-20,176740.45606849674,128902.64479521761
2024-06-21,175373.77207801823,128729.82425123068
2024-06-24,173115.61076210026,128311.34217694215
2024-06-25,176435.72558448795,128805.47928050371
2024-06-26,176883.7291550446,128966.2480593601
2024-06-27,177340.25344703678,129169.53687998511
2024-06-28,176139.08202980045,128661.25589558575
2024-07-01,177262.4272446442,128926.0411314368
2024-07-02,178076.510954361,129793.67982158084
2024-07-03,179563.60836647038,130372.90120830732
2024-07-05,181681.55773780827,131124.69267446423
2024-07-08,182291.979994278,131275.9879998011
2024-07-09,183389.79545448307,131403.6365243623
2024-07-10,185782.27986000065,132703.94536926027
2024-07-11,181510.22624061588,131559.6906762727
2024-07-12,181784.79051063542,132389.50921838483
2024-07-15,181888.38325355534,132753.59628428463
2024-07-16,180968.8614029694,133540.8358517913
2024-07-17,174749.14205787663,131668.43649342255
2024-07-18,173466.7054276276,130656.55968515133
2024-07-19,172160.53585670475,129788.95046142569
2024-07-22,175056.75974891667,131127.0647211464
2024-07-23,175276.26219032292,130921.3743874208
2024-07-24,168986.78808448795,127954.34178467047
2024-07-25,166076.70216224674,127287.67880130609
2024-07-26,167272.548063736,128713.24939087387
2024-07-29,167092.54028175358,128788.91915335612
2024-07-30,164477.35743568424,128136.41478403879
2024-07-31,169914.08456275944,130219.20436986984
2024-08-01,167461.02693031315,128375.19590564117
2024-08-02,163855.4113806305,125985.04210935356
2024-08-05,159156.32968019106,122315.89105528453
2024-08-06,161489.8852832184,123443.61508754289
2024-08-07,159351.80483888247,122618.5111723767
2024-08-08,165135.8491504059,125453.1290573877
2024-08-09,166763.7156360016,126006.30213023789
2024-08-12,167933.39684938052,126072.52790561906
2024-08-13,172041.68113587954,128145.84403793066
2024-08-14,173054.32641334535,128550.13803175374
2024-08-15,175511.25375099183,130753.51893493629
2024-08-16,175931.24058265687,131046.66559850899
2024-08-19,177987.50942726136,132299.66610864637
2024-08-20,177684.11466712953,132084.5317878197
2024-08-21,178324.0254337311,132538.43249703952
2024-08-22,176399.3326236725,131498.2089942559
2024-08-23,178548.4550907135,132895.43288931125
2024-08-26,177362.82459754945,132578.62469175362
2024-08-27,177930.89983863832,132760.68295791274
2024-08-28,176541.44247169496,131989.95931792608
2024-08-29,174618.71470375062,132001.79008491852
2024-08-30,176112.31959266664,133261.877268684
2024-09-03,170726.78316993715,130519.46717348906
2024-09-04,169911.94369239808,130252.32462416505
2024-09-05,169627.6239292145,129935.50169339823
2024-09-06,166190.66307275393,127748.69565057248
2024-09-09,168195.00572412112,129178.9956002954
2024-09-10,167815.11654870608,129741.65685987429
2024-09-11,171586.89431970217,131072.68444596688
2024-09-12,173407.72084252932,132176.71747782192
2024-09-13,173354.37805383303,132867.0419951712
2024-09-16,173121.37874047854,133063.27360858652
2024-09-17,172706.771791626,133117.653883766
2024-09-18,171948.7648336182,132722.86280988084
2024-09-19,175678.8868886719,134987.6959286618
2024-09-20,175285.86995141604,134754.35136125644
2024-09-23,175359.70211999514,135091.07885766064
2024-09-24,176809.7624379883,135477.61933439045
2024-09-25,177497.61883752444,135178.8003852734
2024-09-26,177568.8041497803,135714.75033656176
2024-09-27,175900.37553039554,135517.92939477818
2024-09-30,176385.47991577152,136060.98075290382
2024-10-01,174331.67815795902,134842.08762207846
2024-10-02,174813.4117089844,134899.0020092414
2024-10-03,175673.81821838382,134652.3828203414
2024-10-04,177727.80421081546,135876.02004453112
2024-10-07,177427.20562377933,134647.63872697705
2024-10-08,179988.44552246097,135921.0741982832
2024-10-09,180700.9471551514,136862.51153334032
2024-10-10,180834.7593804932,136622.99375127765
2024-10-11,182460.2707436829,137441.12885848936
2024-10-14,183704.36522610477,138565.1990548646
2024-10-15,181458.88896878055,137488.56979213285
2024-10-16,182430.83792813114,138086.14875753006
2024-10-17,182906.51860745242,138098.0089909409
2024-10-18,183639.67395718387,138629.2148488649
2024-10-21,184568.75102932742,138401.55730021308
2024-10-22,185218.62770779422,138328.03858627492
2024-10-23,182355.65001614383,137064.06183527905
2024-10-24,183985.22563870242,137360.50873771388
2024-10-25,184595.22283108524,137313.08253727964
2024-10-28,184889.0228188782,137737.5462945058
2024-10-29,186065.6674563141,137960.47448300247
2024-10-30,184501.25139491275,137543.1121326136
2024-10-31,179246.6995455475,134846.8317154428
2024-11-01,180384.32193220523,135415.96085386313
2024-11-04,179551.43486250308,135124.27277800185
2024-11-05,182170.56532514957,136758.17094574313
2024-11-06,188299.70498884586,140158.74296259054
2024-11-07,190252.3116477814,141242.48836536886
2024-11-08,190250.81712568668,141854.28487764992
2024-11-11,190022.59727705386,141989.4620721154
2024-11-12,190398.99283064273,141548.36452169556
2024-11-13,189959.04635847476,141617.1538754786
2024-11-14,189216.8134635773,140706.55314728973
2024-11-15,186226.2718833771,138904.28386474177
2024-11-18,186516.85690534976,139473.42773637132
2024-11-19,189022.5135368195,139983.24097452813
2024-11-20,188515.9359458771,140030.6819081716
2024-11-21,188562.1717399445,140782.41444149165
2024-11-22,187898.8731864777,141218.75316533793
2024-11-25,186609.52996595768,141697.77399625408
2024-11-26,187756.90476759343,142437.6462961633
2024-11-27,186854.73269422917,142006.05166568139
2024-11-29,188547.35059889226,142888.23203331177
2024-12-02,189715.41297682194,143144.32467573127
2024-12-03,190995.32618482976,143210.7125164137
2024-12-04,192887.6404548493,144099.99429088144
2024-12-05,192864.49737318425,143862.8485555009
2024-12-06,193834.9413429108,144135.58972432322
2024-12-09,191851.69990309147,143393.33064452265
2024-12-10,191495.25662001042,142947.51846715691
2024-12-11,194774.6162849274,144052.58282365638
2024-12-12,193221.3026862946,143310.35321027422
2024-12-13,192171.19236524968,143281.8591836697
2024-12-16,193037.50277479558,143893.69989557838
2024-12-17,192334.45750196843,143300.8650235455
2024-12-18,187182.29702528386,139029.97287247857
2024-12-19,187738.83598097233,138987.29076540863
2024-12-20,189476.7027870026,140656.66650091807
2024-12-23,192539.84046705632,141498.9346048093
2024-12-24,194743.46964796452,143071.7194207639
2024-12-26,194274.16998060612,143081.23707391098
2024-12-27,191724.4122138825,141575.09056319535
2024-12-30,190294.41659315495,139959.47630807877
2024-12-31,188580.4350868073,139450.31133112704
2025-01-02,189649.2840095368,139107.66108462203
2025-01-03,193013.7188429108,140846.99009744177
2025-01-06,195897.70213453678,141658.3626616279
2025-01-07,191986.33104078678,140057.0396194412
2025-01-08,191738.67459242253,140261.669162104
2025-01-10,189539.79843275456,138120.22667042364
2025-01-13,188765.16548292545,138334.38859944273
2025-01-14,187967.0485090485,138524.7269291756
2025-01-15,192809.21345655827,141044.4887668488
2025-01-16,191162.6220258942,140773.2356521563
2025-01-17,193806.73896925358,142186.60714450147
2025-01-21,195428.40609877018,143488.10937934514
2025-01-22,197603.58668653874,144294.72311695776
2025-01-23,198404.78675978092,145082.27208185772
2025-01-24,197346.0084852448,144658.7365168115
2025-01-27,190443.3376468201,142612.50002302064
2025-01-28,192073.97402987673,143837.86103268748
2025-01-29,191811.7686923523,143193.06213178486
2025-01-30,192990.24005160524,143961.59052359985
2025-01-31,193194.24293551638,143195.44891167627
2025-02-03,192296.8907779236,142231.79389713643
2025-02-04,193757.62399325563,143185.93125852913
2025-02-05,192959.10437435913,143766.49336729338
2025-02-06,194463.59460873413,144266.15542430722
2025-02-07,193126.6755718689,142945.63261637854
2025-02-10,193076.6201824646,143916.3890377557
2025-02-11,192813.64748043823,144025.8420489474
2025-02-12,193273.18941159057,143561.8785578398
2025-02-13,194563.04907650757,145077.51325528414
2025-02-14,194526.04965634155,145070.36764881923
2025-02-18,194436.1716656189,145496.2899937568
2025-02-19,194301.9771923523,145838.9255070526
2025-02-20,192522.39337582397,145232.19721873844
2025-02-21,190342.82545895386,142748.1339469715
2025-02-24,189349.47568173218,142098.54675307692
2025-02-25,187792.3242125702,141391.88310671816
2025-02-26,188312.2712908173,141463.23603890304
2025-02-27,183665.73970512394,139205.22439598446
2025-02-28,186874.29480461124,141377.6066269975
2025-03-03,182561.3845568085,138900.65949527707
2025-03-04,180630.14040092472,137256.5217471376
2025-03-05,182780.81671623234,138731.71378531135
2025-03-06,177896.01893907168,136269.10206614842
2025-03-07,177257.02162461856,137032.85689818065
2025-03-10,171254.40105064397,133382.92531552087
2025-03-11,171731.93386924747,132274.10399067387
2025-03-12,174323.2336128998,132976.03827687752
2025-03-13,172780.01786888126,131203.3827448337
2025-03-14,175906.343552475,133913.5123786582
2025-03-17,175448.8957527924,134946.14827870074
2025-03-18,173500.37141502384,133487.60476692984
2025-03-19,174740.51341331485,134941.3894521272
2025-03-20,175111.1913765717,134551.19513951428
2025-03-21,175674.28933799747,134595.5568324337
2025-03-24,178736.53969664007,137005.9687913796
2025-03-25,179181.7226952973,137335.31494997157
2025-03-26,176657.69598234564,135695.75922989516
2025-03-27,176014.5244277802,135335.3849327153
2025-03-28,174389.7279952851,132609.96222773488
2025-03-31,174771.1202682343,133500.1574611734
2025-04-01,175076.00131071478,133877.22448438374
2025-04-02,175471.26934233098,134724.4429465682
2025-04-03,171585.34433171083,128085.09901637412
2025-04-04,169625.98537630468,120586.63955756172
2025-04-07,169267.65689272314,120371.8514671514
2025-04-08,168746.79621309668,118486.48688468133
2025-04-09,173989.60115236673,130929.86071592347
2025-04-10,172239.8362140122,125192.6459186248
2025-04-11,173687.6310367051,127426.42143239944
2025-04-14,173827.74688906106,128662.64081725111
2025-04-15,173894.60892671975,128302.28125328045
2025-04-16,172772.89093965918,125450.37394726617
2025-04-17,172870.10466188818,125629.36770591042
2025-04-21,172446.6627978745,122639.05663261453
2025-04-22,173283.4296481553,125829.84248357707
2025-04-23,173934.75434755714,127779.62065669597
2025-04-24,175047.01232997904,130469.25639651486
2025-04-25,175660.18395320902,131411.94605435448
2025-04-28,175619.5673684312,131462.05369886427
2025-04-29,175777.36462490092,132290.1779219177
2025-04-30,176106.58998958598,132342.68707952803
2025-05-01,174902.99617855082,133280.57371116648
2025-05-02,176223.61098378763,135259.03744260955
2025-05-05,176751.96355504612,134483.39291074808
2025-05-06,175678.55249852757,133359.337447582
2025-05-07,175842.40396947484,133920.18652242853
2025-05-08,175434.63509435277,134853.29959428424
2025-05-09,175019.42610997777,134681.49564173256
2025-05-12,176916.5629355393,139132.36867646058
2025-05-13,177437.39109789283,140051.1905353864
2025-05-14,178008.85771166236,140230.16956082146
2025-05-15,178007.89277635963,140915.1017236013
2025-05-16,178348.91197191627,141807.66900372197
2025-05-19,178333.2920988694,141962.78023024322
2025-05-20,178083.07508837135,141485.46845159496
2025-05-21,176947.02217089088,139101.32580466344
2025-05-22,176885.96360851298,139156.23647537438
2025-05-23,176516.25589061747,138206.3864778606
2025-05-27,177899.98191905985,141079.7895361065
2025-05-28,177678.43934703837,140263.58447930077
2025-05-29,178717.8268592454,140817.24374805475
2025-05-30,177883.8793189622,140659.76047485133
2025-06-02,179378.58085704813,141452.08299953406
2025-06-03,180018.38774181376,142258.71147035586
2025-06-04,180770.10884166727,142220.5229920938
2025-06-05,180094.58122173318,141533.20404942255
2025-06-06,181125.62535015115,142986.60567118056
2025-06-09,181583.62782207498,143115.47705210582
2025-06-10,182580.61814800272,143926.8938159196
2025-06-11,182140.61003032693,143516.42660743918
2025-06-12,182539.47273174295,144086.79333543283
2025-06-13,181700.20405498514,142475.9084404714
2025-06-16,183074.1775962449,143831.43735347362
2025-06-17,182499.99018779764,142602.3783082961
2025-06-18,183029.6778709031,142580.89728927368
2025-06-20,182340.0682212449,142246.05564364788
2025-06-23,183660.55848003394,143651.0734063732
2025-06-24,184815.1468284226,145238.01683637482
2025-06-25,185939.27243877418,145319.403084029
2025-06-26,186925.2366721726,146456.35010525034
2025-06-27,187417.97034526832,147183.99384151853
2025-06-30,187826.9773337937,147887.71084603612
2025-07-01,185971.36493755347,147839.8573825349
2025-07-02,187128.56501079566,148510.0710693179
2025-07-03,188038.8591697312,149680.536141483
2025-07-07,187053.0449912644,148565.0848724933
2025-07-08,186947.24678858192,148483.7280912575
2025-07-09,188144.73360498817,149374.12958962488
2025-07-10,188781.95558985145,149795.39624045335
2025-07-11,188847.7455678788,149268.83134342928
2025-07-14,188981.88993128212,149553.65374380053
2025-07-15,189742.66831262977,148914.5713280699
2025-07-16,189764.8538289872,149412.42120035138
2025-07-17,190317.13193567665,150326.7788968878
2025-07-18,190690.0934835282,150216.677624491
2025-07-21,191070.38597925575,150501.51475807148
2025-07-22,190008.75861414344,150523.05470993073
2025-07-23,191275.53743396766,151803.6210544926
2025-07-24,191536.17587696083,151853.89076430365
2025-07-25,191676.86843097693,152495.3746931349
2025-07-28,192392.19097126013,152457.08308240838
2025-07-29,190883.84389484412,152054.95487033855
2025-07-30,191417.33922565466,151863.46735028757
2025-07-31,193030.48754108435,151293.7930831266
2025-08-01,190492.80197895056,148814.01717523864
2025-08-04,193331.9767378617,151075.9773182244
2025-08-05,192383.80326068884,150310.02723802053
2025-08-06,193115.55985248572,151461.33913821777
2025-08-07,191342.2533644486,151334.4862069537
2025-08-08,192105.73152350623,152514.51313189353
2025-08-11,191728.32827948767,152212.92433944577
2025-08-12,193271.04437445838,153833.38582039112
2025-08-13,193101.12285041052,154359.9801838336
2025-08-14,194049.1051807328,154374.3303296003
2025-08-15,193876.68753241736,154012.8952413576
2025-08-18,193601.39904975134,153979.40665683226
2025-08-19,191401.32870673377,153144.03369484947
2025-08-20,190958.27603339392,152737.11718978768
2025-08-21,190444.15362738806,152124.37775211743
2025-08-22,192772.12748566442,154460.51960345567
2025-08-25,193004.14126435094,153780.72933068871
2025-08-26,193799.98904267125,154424.60003941134
2025-08-27,193710.6986679154,154776.45854167012
2025-08-28,194146.57098236852,155324.57812376262
2025-08-29,192474.5908035355,154398.27179456013
2025-09-02,191441.34869232945,153254.14970045543
2025-09-03,192806.66592255406,154084.70490302786
2025-09-04,194194.6253952103,155372.4610536823
2025-09-05,192991.91152304845,154922.46464490204
2025-09-08,193427.34186667638,155303.05290511262
2025-09-09,195116.9464809342,155662.08648025474
2025-09-10,195824.2596675797,156112.06815582578
2025-09-11,195978.66677207188,157409.41562567334
2025-09-12,196679.89342612462,157356.72966955253
2025-09-15,198147.6252986832,158194.4894114267
2025-09-16,198139.2392970963,157976.68837973374
2025-09-17,196905.36673850255,157780.4125666908
2025-09-18,198353.53777426915,158517.6181557337
2025-09-19,199036.18428916173,159302.7508743239
2025-09-22,200471.72164267735,160056.41345804994
2025-09-23,198789.8673641129,159185.15039844124
2025-09-24,198250.12857932286,158678.68159877422
2025-09-25,198075.40859336095,157946.6178997442
2025-09-26,198208.74707907872,158851.51687597032
2025-09-29,199255.8408595963,159297.9478481227
2025-09-30,199938.148461525,159898.00199266654
2025-10-01,199653.71483097083,160442.86553552453
2025-10-02,200597.80154666907,160627.64944538678
2025-10-03,199832.74112186438,160625.27739870458
2025-10-06,202806.1760736466,161201.31641224257
2025-10-07,202872.64494571692,160603.6637807993
2025-10-08,205761.24070987708,161561.35184561068
2025-10-09,206550.07864627845,161093.30725555305
2025-10-10,200736.37016654212,156739.3050713548
2025-10-13,203823.59401297767,159144.32467573127
2025-10-14,201342.0805852433,158949.90524704827
2025-10-15,203850.7002599259,159655.5817683903
2025-10-16,203381.41376090248,158568.2856621933
2025-10-17,203365.59866690834,159468.36687900906
2025-10-20,206007.35242057045,161126.91370575203
2025-10-21,204197.92477774818,161124.49745944224
2025-10-22,202935.88989615638,160286.84085003252
2025-10-23,204251.18712210853,161237.32437554214
2025-10-24,207828.66830802162,162555.04787372166
2025-10-27,210593.71193289955,164472.825516445
2025-10-28,212471.05061698158,164909.6651694043
2025-10-29,214298.77774405677,164988.87090209598
2025-10-30,210979.2558533097,163174.29938986097
2025-10-31,212160.91568912513,163709.5568803166
2025-11-03,214134.26612247474,164016.7884918903
2025-11-04,211131.64798892982,162072.6089382697
2025-11-05,211809.56743778236,162634.25360641337
2025-11-06,208766.92232669838,160889.29650767692
2025-11-07,208162.6206756974,161047.69323985113
2025-11-10,213203.26987613685,163560.75146733556
2025-11-11,212281.97232975013,163935.1665128888
2025-11-12,214559.2187439347,164026.37981108343
2025-11-13,210464.54396976478,161304.5225427309
2025-11-14,210131.33738101966,161278.13536504286
2025-11-17,208435.2282196427,159775.5837573735
2025-11-18,206231.3896562272,158433.87459460655
2025-11-19,207952.9146348649,159045.9363046533
2025-11-20,204220.56858078775,156621.7045954721
2025-11-21,204845.49556748208,158181.8483179279
2025-11-24,208523.33855454263,160510.0489695041
2025-11-25,208460.46601120767,162019.79038326602
2025-11-26,209966.67848984536,163138.3061597706
2025-11-28,210122.00176255044,164028.781324184
2025-12-01,210147.1113206559,163279.9217666591
2025-12-02,210256.35944382485,163582.35035203162
2025-12-03,210429.80919663247,164148.79804637644
2025-12-04,210727.76779953775,164268.80003535972
2025-12-05,210895.79633286293,164580.83467313452
2025-12-08,210992.11897995765,164086.38817217964
2025-12-09,209981.85768845375,163944.75783208193
2025-12-10,210883.37818100746,165032.0834046973
2025-12-11,210968.02527573402,165416.1045026529
2025-12-12,208259.8757396012,163637.5409537175
2025-12-15,208555.96413376625,163390.31770324003
2025-12-16,208709.04306748207,162943.8867310876
2025-12-17,205319.5034098893,161150.91410354868
2025-12-18,207455.3159098893,162367.81825113122
2025-12-19,210656.61395981605,163839.4301194679
2025-12-22,212338.36215927894,164860.13212005355
2025-12-23,214372.23839524086,165613.61790526914
2025-12-24,214760.18411972816,166196.1837304854
2025-12-26,215042.88701584633,166179.32893915367
2025-12-29,213343.37903549965,165587.12759511668
2025-12-30,213279.39951279457,165384.92903197292
2025-12-31,212202.93833115394,164159.59748872448
2026-01-02,213645.23529770668,164460.50855354877
2026-01-05,214723.2571788102,165555.83425876303
2026-01-06,215016.28243027505,166540.42516358467
2026-01-07,215202.5472923356,166003.6059529532
2026-01-08,214118.69733200845,165986.75116162148
2026-01-09,214203.08806381997,167084.4783799363
2026-01-12,215052.30550156411,167346.876835896
2026-01-13,215145.76622544107,167012.27092161748
2026-01-14,214154.29314493568,166191.36597107502
2026-01-15,215116.68489908607,166643.94069146633
2026-01-16,215095.11614298256,166504.31406782064
2026-01-20,211683.361626381,163114.82142429615
2026-01-21,215031.33672403725,164997.34249738947
2026-01-22,216673.00878214272,165859.1615698971
2026-01-23,217280.7077262345,165919.3319962946
2026-01-26,217723.6102073136,166761.89476436994
2026-01-27,219058.12590860756,167426.318299935
2026-01-28,220262.41596292885,167409.46350860325
2026-01-29,219596.12744974525,167077.25910742534
2026-01-30,216260.62915872963,166578.93777244928
2026-02-02,216237.9181296769,167407.06199550268
2026-02-03,214636.72499918373,165991.56892103184
2026-02-04,211304.77054666908,165187.5187618211
2026-02-05,206739.78397263342,163124.45694311694
2026-02-06,212977.12973679358,166253.9526437823
2026-02-09,215220.31046189123,167055.60128989248
2026-02-10,213831.00614060217,166615.0488682133
2026-02-11,213266.2004460221,166576.5509925579
2026-02-12,209869.14633835608,164003.13080695627
2026-02-13,209231.07330979162,164118.66863355009
2026-02-17,209240.88468064123,164383.46860261034
2026-02-18,210400.9982975846,165211.59282566377
2026-02-19,210186.84125412756,164775.85816339497
2026-02-20,211526.61795700842,165967.49485718916
2026-02-23,210955.13797653967,164272.74853542692
2026-02-24,212516.72687424475,165466.75727590328
2026-02-25,213939.830298317,166863.02351236023
2026-02-26,211167.3654850846,165936.18678762633
2026-02-27,208338.11600388342,165139.37063413576
2026-03-02,208979.74713791662,165233.26537640588
2026-03-03,207003.89070261392,163776.8434467606
2026-03-04,208609.8420575944,164932.3395783724
2026-03-05,207041.28968943033,164012.75159256783
2026-03-06,204908.0324872819,161863.0143041045
2026-03-09,207589.82591379556,163280.93835809434
2026-03-10,208156.41410959634,163018.52516892547
2026-03-11,208303.6694806901,162813.9103594719
2026-03-12,205165.0259260026,160341.58945544215
2026-03-13,203769.38914621744,159434.03850155894
2026-03-16,205387.13453806314,161056.57736500236
2026-03-17,204866.89189279947,161480.2455289314
2026-03-18,203541.79762400064,159227.0074457956
2026-03-19,202851.9420636979,158834.617885011
2026-03-20,200095.3866112748,156557.6004022166
2026-03-23,200812.45680170448,158201.45821938117
2026-03-24,200589.9471340409,157670.39969354926
2026-03-25,202406.81676294716,158549.0588241794
2026-03-26,199448.89269068153,155717.5717461247
2026-03-27,198555.11454486853,153062.29385017432
2026-03-30,197950.69551447302,152550.53582840232
2026-03-31,200624.65626886755,156984.86346919194
2026-04-01,202177.05513361364,158167.6602374625
2026-04-02,201966.46391657263,158310.08617085734
2026-04-06,202193.92596387488,159058.38586643242
2026-04-07,202528.0450739823,159128.38334337034
2026-04-08,204289.28848218542,163181.31239744305
2026-04-09,204792.37258863074,164122.72026608177
2026-04-10,205378.5030817948,164014.1070478148
2026-04-13,205451.8985896073,165616.9181441313
2026-04-14,207290.6769099198,167634.9405422926
2026-04-15,207879.10620069128,168957.7469976482
2026-04-16,209099.47473096472,169372.92883307458
2026-04-17,210102.87145948035,171419.91672053497
2026-04-20,209575.19525403602,171077.1338751471
2026-04-21,208979.4060694657,169957.1005780943
2026-04-22,211284.864382454,171678.20461112616
2026-04-23,210710.65124768837,171011.96889082878
2026-04-24,215225.7550275956,172337.19159249417
2026-04-27,216056.72133618934,172634.0952244144
2026-04-28,214147.29390149695,171794.0665683225
2026-04-29,214027.8275929032,171767.5173253332
2026-04-30,215615.83054920204,173476.5401268161
2026-05-01,216588.56516834267,173956.91641297922
2026-05-04,214598.17893787392,173319.64618198093
2026-05-05,216358.45258899697,174710.04860117388
2026-05-06,224062.3096859208,177138.42034214197
2026-05-07,223415.44017908486,176595.29531797027
2026-05-08,227663.6779720536,178053.27896779138
2026-05-11,228357.3805477372,178458.81055118778
2026-05-12,227923.15853235635,178188.45616225683
2026-05-13,230008.77129480752,179185.39349639314
2026-05-14,231819.42565271768,180599.92891226558
2026-05-15,227340.4471065751,178427.4288155789
2026-05-18,226337.04580042275,178301.9166063526
2026-05-19,224894.73442957315,177114.27261225323
2026-05-20,229012.54342005166,178929.52185211173
2026-05-21,228987.2215206376,179284.35646263015
2026-05-22,229643.8038265458,179989.22265746578
2026-05-26,232359.02178308877,181184.1006572853
2026-05-27,231764.65786096963,181152.71892167642
2026-05-28,234651.8103878251,182152.0577689133
2026-05-29,233601.78475305947,182605.87007887792
2026-06-01,234727.64016077432,183103.13062279118
2026-06-02,234801.11663172158,183351.7682613524
2026-06-03,234001.900384163,182065.16130101605
2026-06-04,235447.78075525674,182753.12850489235
2026-06-05,227071.40643518837,178036.37997683205
2026-06-08,229302.05380457314,178439.49531391865
2026-06-09,227528.00638025673,177915.68552701612
2026-06-10,223427.07290857704,175110.7476919507
2026-06-11,228015.45315760048,178087.07694971003
2026-06-12,229517.53546350868,179050.21630192766
2026-06-15,229902.75500696572,179050.21630192766
