,equity,benchmark
2022-10-10,1000000.0,1000000.0
2022-10-11,999713.8031054704,993667.0137544364
2022-10-12,999085.7078630629,990389.4210782615
2022-10-13,1004724.9959222975,1016526.893483715
2022-10-14,999918.7326098579,993361.4565859459
2022-10-17,1004294.2903346701,1018888.081827693
2022-10-18,1006455.078433959,1030859.3147468605
2022-10-19,1009189.2745174551,1023554.0849546891
2022-10-20,1008374.1482205663,1014971.3216206944
2022-10-21,1017229.8177857671,1039636.758340348
2022-10-24,1019770.2359101328,1052358.3028726114
2022-10-25,1018404.7281835405,1069162.967504249
2022-10-26,1013023.3638417909,1061107.871387773
2022-10-27,1010094.6076748751,1055441.39340481
2022-10-28,1017892.0250390649,1080550.9611647616
2022-10-31,1017586.2538921246,1072745.8501756396
2022-11-01,1013250.5828037466,1068051.7047970428
2022-11-02,1007027.3277066842,1041247.8131867467
2022-11-03,1008442.5307553441,1030526.1496733183
2022-11-04,1012197.316005134,1045358.7193066889
2022-11-07,1015452.5222399874,1055358.3915741388
2022-11-08,1015106.5708704172,1061052.2102888785
2022-11-09,1007862.7709088715,1039192.4491845337
2022-11-10,1011413.2315898911,1096300.38041912
2022-11-11,1004888.3904448095,1106910.899850276
2022-11-14,1007179.8065313908,1097494.6449569976
2022-11-15,1002660.5196092029,1106855.4168668983
2022-11-16,999540.5614725534,1098411.2274047108
2022-11-17,1004674.2987871616,1095050.2766668317
2022-11-18,1006832.6783386689,1100022.1931933512
2022-11-21,1003983.1425023685,1096022.342097923
2022-11-22,1004087.182626547,1110771.7317851058
2022-11-23,1003738.356498541,1117771.22629327
2022-11-25,1005569.5232171916,1117521.4192814322
2022-11-28,1002355.7630534159,1099689.1171775674
2022-11-29,1003029.3334222957,1097800.2911832463
2022-11-30,1004148.6820706914,1132381.6858776126
2022-12-01,998611.2134933465,1131548.283376087
2022-12-02,998444.3358786656,1130242.9638136956
2022-12-05,995906.809945271,1109910.7213785287
2022-12-06,994986.9041643218,1093911.4060545738
2022-12-07,993295.5505695334,1092050.4551385792
2022-12-08,995955.809400347,1100605.6105675225
2022-12-09,992506.2066942811,1092383.8873853958
2022-12-12,994231.260716531,1108132.9504087216
2022-12-13,990494.8961201906,1116521.3897142564
2022-12-14,989979.5429160709,1109382.8760454936
2022-12-15,988708.626625624,1082245.641246139
2022-12-16,991363.962122756,1069468.2574994648
2022-12-19,991263.2377322874,1060399.68409432
2022-12-20,993025.7236015206,1061850.8802646939
2022-12-21,995315.5403663523,1077728.0083443557
2022-12-22,994070.7366208019,1062352.9879056
2022-12-23,993871.8682251719,1068463.9531598939
2022-12-27,997671.3562567388,1064250.3634447113
2022-12-28,997219.785147969,1051023.8614232782
2022-12-29,997423.0553853122,1069942.7572353196
2022-12-30,999531.9865834323,1067124.5244760998
2023-01-03,997584.8193626204,1062631.8277466213
2023-01-04,996273.997844676,1070835.7393771014
2023-01-05,994967.2292274537,1058613.8979262724
2023-01-06,999285.855760962,1082890.330357973
2023-01-09,997189.5528635593,1082276.3661727286
2023-01-10,998558.489989719,1089866.0464446896
2023-01-11,1000476.7702100865,1103650.4062636816
2023-01-12,1001760.6479371426,1107668.6032573052
2023-01-13,1009803.9815195453,1111966.0853807416
2023-01-17,1008374.7445443714,1109928.8001034495
2023-01-18,1001791.1910456246,1092405.3503051295
2023-01-19,1000119.1437635121,1084452.7596683775
2023-01-20,998386.7266513463,1104654.9777765272
2023-01-23,1001404.0643364693,1117909.4439340446
2023-01-24,1004443.7133377576,1116709.5687573985
2023-01-25,1008501.4488691436,1117128.051163326
2023-01-26,1010179.0996505792,1129405.9099440826
2023-01-27,1011784.368948612,1132000.6967879003
2023-01-30,1003836.2579953142,1117797.6764474646
2023-01-31,1009914.3294646055,1134233.1966712347
2023-02-01,1021211.392175569,1146287.5204788314
2023-02-02,1020417.9709624334,1162974.0054652966
2023-02-03,1018547.7707232519,1150612.6105073194
2023-02-06,1017842.3320690973,1143580.788032917
2023-02-07,1024468.9257396354,1158537.3260657452
2023-02-08,1024236.2447529753,1145868.8599573877
2023-02-09,1022392.9579020818,1135935.2685465454
2023-02-10,1016312.3629572245,1138585.9836625322
2023-02-13,1022878.110233815,1151952.1282488715
2023-02-14,1028785.8028986386,1151421.9674141223
2023-02-15,1025477.7747219838,1155160.879277934
2023-02-16,1014574.5469597677,1139255.6980044292
2023-02-17,1011963.6015137533,1136409.6792246418
2023-02-21,1000181.3760664172,1113612.228983883
2023-02-22,1000992.9352188285,1112077.4075785303
2023-02-23,1011691.9231716717,1117992.980111265
2023-02-24,1007404.6109997357,1106050.245674732
2023-02-27,1009415.3847560079,1109817.210732386
2023-02-28,1003273.599319282,1105715.4775615416
2023-03-01,999038.4573318725,1101473.9237102745
2023-03-02,1002644.4043513028,1110040.389474513
2023-03-03,1010664.7821935856,1127843.035344887
2023-03-06,1009717.0590945904,1128624.4281156054
2023-03-07,997452.7182128816,1111323.978943896
2023-03-08,1003244.3460679661,1113137.8183057865
2023-03-09,994635.6544916187,1092600.6539689302
2023-03-10,985383.6214622443,1076834.848087057
2023-03-13,987054.3446372931,1075300.2047972209
2023-03-14,1001444.7079188202,1093075.2427625433
2023-03-15,1002293.0881369974,1086238.6348941834
2023-03-16,1014136.5943239564,1105296.8170400977
2023-03-17,1010408.8012083853,1092372.9332811336
2023-03-20,1015174.5288324137,1102876.5834024125
2023-03-21,1017595.8299234171,1117358.1764105947
2023-03-22,1017631.0906796965,1098311.037426701
2023-03-23,1025563.9231021423,1101280.4012016386
2023-03-24,1023124.7598378842,1108506.9929932917
2023-03-27,1017538.2848643318,1110579.5451428434
2023-03-28,1017462.3886381276,1108086.6403744416
2023-03-29,1022706.0513573564,1124192.5578349987
2023-03-30,1026696.4339256766,1130775.0839191256
2023-03-31,1030087.0818928458,1146713.0384476592
2023-04-03,1032514.1151912293,1151082.479239746
2023-04-04,1034301.5411325207,1144696.3255125184
2023-04-05,1033179.0162128855,1141698.9976014963
2023-04-06,1036462.2680109091,1146152.8651483862
2023-04-10,1032907.72772175,1147329.0509613429
2023-04-11,1030387.8494959133,1147637.3689203386
2023-04-12,1029456.5388297506,1142959.3429959815
2023-04-13,1036972.9164601016,1158141.1080993756
2023-04-14,1039435.0895381903,1155312.09935141
2023-04-17,1037577.3856536826,1159457.559881546
2023-04-18,1040748.4706734183,1160213.5711911689
2023-04-19,1042034.5361603262,1160017.733180819
2023-04-20,1039223.2534874441,1153687.4186680024
2023-04-21,1040370.7145881013,1154583.7850045972
2023-04-24,1038581.0829219178,1155788.2911846712
2023-04-25,1032035.7436553519,1137441.413353748
2023-04-26,1035913.3460513633,1132623.655806726
2023-04-27,1054919.624467792,1155172.011497713
2023-04-28,1058996.6458415408,1165031.7740269816
2023-05-01,1068812.3539256472,1163855.142925234
2023-05-02,1067467.0012473483,1150774.4284540252
2023-05-03,1073135.2094230074,1142875.4505877276
2023-05-04,1068645.2872760063,1134780.5456533225
2023-05-05,1073790.5072047478,1155788.2911846712
2023-05-08,1077201.2810675865,1156096.252912634
2023-05-09,1072455.4026354933,1151026.550967577
2023-05-10,1079934.1880844387,1156404.5708716298
2023-05-11,1083071.6631077083,1154387.9469942474
2023-05-12,1081596.0403562973,1152875.1228551774
2023-05-15,1083538.3483529547,1156852.5313955315
2023-05-16,1086841.3707979773,1149121.872692291
2023-05-17,1093091.4261475755,1163070.9003062518
2023-05-18,1103567.6441182627,1174275.0787537757
2023-05-19,1103899.0034650397,1172566.5056621141
2023-05-22,1102292.2498849463,1173042.5193798589
2023-05-23,1092477.2207425665,1159877.73438488
2023-05-24,1090662.387225492,1151474.689606995
2023-05-25,1125208.3250398724,1161446.3086806021
2023-05-26,1132312.2457021703,1176487.8078147827
2023-05-30,1142285.4018698698,1176936.035511959
2023-05-31,1135667.1632567411,1170409.7048732762
2023-06-01,1146592.673698148,1181529.6346815133
2023-06-02,1146023.0443658163,1198615.8108869193
2023-06-05,1145813.011385851,1196319.1003599004
2023-06-06,1143911.3039051513,1198924.0397881565
2023-06-07,1130949.833353892,1194778.4902002625
2023-06-08,1137766.3304084924,1202005.2601074323
2023-06-09,1140564.3676496448,1204161.971838512
2023-06-12,1149276.9610842182,1215086.1526941573
2023-06-13,1152135.1977602649,1223096.8980470346
2023-06-14,1158053.2326285052,1224553.348625144
2023-06-15,1161820.0260731352,1239734.935613022
2023-06-16,1155780.8616139067,1235512.2620064998
2023-06-20,1159762.1981464995,1229102.06268455
2023-06-21,1154626.0549426991,1222804.6995422787
2023-06-22,1157908.1764331777,1227218.669213481
2023-06-23,1155290.7244068105,1217940.721018735
2023-06-26,1143402.1390046773,1212964.7078353371
2023-06-27,1153967.1847810445,1226262.6341788713
2023-06-28,1151119.2420854268,1226881.318425302
2023-06-29,1152936.446606606,1231716.7094084534
2023-06-30,1164597.7001232307,1246251.9151870909
2023-07-03,1162493.6852217026,1247685.8341523677
2023-07-05,1165116.8755012392,1245830.226701867
2023-07-06,1161994.3657721493,1236074.4836342118
2023-07-07,1158410.2519857287,1232953.7216702816
2023-07-10,1155914.9412302508,1236074.4836342118
2023-07-11,1156056.1738581194,1243946.4769997653
2023-07-12,1167613.7681879534,1253955.3222163126
2023-07-13,1177437.5173410906,1263907.7048141418
2023-07-14,1179690.9155802263,1263120.3451736218
2023-07-17,1185744.965911342,1267506.3507087394
2023-07-18,1193139.979232265,1276924.6539304573
2023-07-19,1193009.1329264177,1279764.2605516522
2023-07-20,1184572.670234157,1271273.49388191
2023-07-21,1176626.5406761505,1271273.49388191
2023-07-24,1177713.4969425537,1276952.8852398165
2023-07-25,1182745.8805041933,1280439.0511857683
2023-07-26,1184857.2085876144,1280635.7797737007
2023-07-27,1185322.266883818,1272145.2802772333
2023-07-28,1197459.3482131637,1284599.82965032
2023-07-31,1195470.3748125907,1287045.800980134
2023-08-01,1193182.399997222,1283362.8173884917
2023-08-02,1178688.5296155894,1265510.21011575
2023-08-03,1177363.8913094867,1261883.4219695516
2023-08-04,1172919.02035793,1256176.333648835
2023-08-07,1178213.8890407914,1267140.679553443
2023-08-08,1191538.2517422657,1261630.4088784175
2023-08-09,1181288.9966972333,1253196.1048273935
2023-08-10,1181084.4193671907,1253645.9355642183
2023-08-11,1178136.3069300435,1252914.9494846584
2023-08-14,1191135.5562557853,1259831.1749888766
2023-08-15,1186646.2907242454,1245155.5251255091
2023-08-16,1182953.92071312,1236018.4663042848
2023-08-17,1176954.8297179658,1226599.9849670504
2023-08-18,1177172.072056861,1227190.3488463636
2023-08-21,1193688.1860323858,1235174.8221605625
2023-08-22,1189282.1833146834,1231829.1893570991
2023-08-23,1194888.3694093372,1245548.9823013737
2023-08-24,1189922.9215220278,1228287.0060812198
2023-08-25,1190296.4094171613,1236946.0028562604
2023-08-28,1194619.8586573212,1244789.943027971
2023-08-29,1203708.655045867,1262783.2615587173
2023-08-30,1204937.029743629,1267984.1455816487
2023-08-31,1206362.8996893894,1266128.894362181
2023-09-01,1212668.7673909056,1268490.2608216754
2023-09-05,1217821.191811658,1263008.0433404925
2023-09-06,1210745.3229331342,1254517.4547862667
2023-09-07,1208234.2168407734,1250665.9739160512
2023-09-08,1211245.6122528557,1252549.6345603948
2023-09-11,1218458.039961672,1260787.120965728
2023-09-12,1215279.7882374288,1253870.984519268
2023-09-13,1218189.3079341792,1255332.956678388
2023-09-14,1224765.8526855488,1266156.8584982655
2023-09-15,1212308.7349507161,1250901.8879176052
2023-09-18,1213675.0720280663,1251635.3676143957
2023-09-19,1214908.4526471153,1249039.512077479
2023-09-20,1203046.5641248585,1237556.7609622085
2023-09-21,1191850.7383327705,1217102.1531672324
2023-09-22,1193573.4386522858,1214365.408256794
2023-09-25,1196954.0286470929,1219472.0691715172
2023-09-26,1190771.8778385129,1201556.498063706
2023-09-27,1196233.0665702415,1202035.9850340218
2023-09-28,1198773.4325433224,1209004.7546155965
2023-09-29,1195503.6837924295,1206070.479597402
2023-10-02,1204555.2328325654,1205590.81451157
2023-10-03,1196264.8578702623,1189452.8362580494
2023-10-04,1194572.0227078917,1198114.5047658368
2023-10-05,1197295.992459327,1197662.9819316058
2023-10-06,1216103.1416172567,1211882.6560728305
2023-10-09,1214440.0117611573,1219641.1898543977
2023-10-10,1219473.4366761914,1225989.494034377
2023-10-11,1227752.2192425344,1231011.4610210224
2023-10-12,1233511.2311261196,1223506.474677139
2023-10-13,1221233.9168283334,1217412.4303969091
2023-10-16,1231259.3664213892,1230221.5187055133
2023-10-17,1227991.1652851845,1230164.9670290367
2023-10-18,1219133.1235974694,1213772.728875767
2023-10-19,1214080.8719214685,1203108.1513853648
2023-10-20,1200546.0483025,1188324.2072879882
2023-10-23,1199202.262377379,1186264.6575711383
2023-10-24,1203156.2902874057,1195208.2829414853
2023-10-25,1193356.1519625497,1178054.6009553403
2023-10-26,1174288.4134944973,1163947.762993794
2023-10-27,1179335.6972500687,1158671.8923384324
2023-10-30,1183784.356591267,1172524.6485157458
2023-10-31,1181208.1446104422,1179888.4783128328
2023-11-01,1186092.763979036,1192471.6270888052
2023-11-02,1192303.608768541,1215324.560312942
2023-11-03,1193057.6703682723,1226412.6074437324
2023-11-06,1204128.0375585041,1229233.600993457
2023-11-07,1205396.8803222016,1232732.3240833196
2023-11-08,1208417.850453122,1233635.102578507
2023-11-09,1206430.151047201,1224014.282014572
2023-11-10,1215590.409522679,1243114.8556534045
2023-11-13,1218470.5344090206,1241930.0312378993
2023-11-14,1224566.3382635282,1266024.2514962594
2023-11-15,1221286.0006053667,1268704.4447302208
2023-11-16,1224990.6173686883,1270256.276167396
2023-11-17,1223175.2710344777,1271836.1607984134
2023-11-20,1231096.7045140285,1281626.2801607456
2023-11-21,1227653.5821188088,1278833.1616893474
2023-11-22,1229154.50459923,1283770.3456901566
2023-11-24,1227379.9094023292,1284560.5551789403
2023-11-27,1221899.9411726492,1282246.9236778575
2023-11-28,1224835.070737556,1283516.4420214402
2023-11-29,1219900.6617595507,1282613.7525840108
2023-11-30,1218564.9338545038,1287664.0399377735
2023-12-01,1213278.6339549068,1295281.684345819
2023-12-04,1206324.8788066353,1288482.3026203997
2023-12-05,1208719.5922422132,1288228.2208361668
2023-12-06,1201001.6348256788,1283037.133166641
2023-12-07,1211371.301994051,1292827.163471215
2023-12-08,1218706.3799683705,1298385.1691046525
2023-12-11,1209002.9987637654,1303435.367400657
2023-12-12,1215717.3729836599,1309388.344191849
2023-12-13,1220598.0549023405,1327444.8937309394
2023-12-14,1213249.219575192,1331705.3278269514
2023-12-15,1217254.147012245,1329512.6367615464
2023-12-18,1227301.1825527851,1336991.4401245099
2023-12-19,1231004.0753640104,1345121.4338156583
2023-12-20,1223281.1170458023,1326481.5559601549
2023-12-21,1230413.103905845,1339059.0940973586
2023-12-22,1230296.1377803567,1341750.3304933407
2023-12-26,1233048.4950847165,1347416.0069564795
2023-12-27,1236730.1295451657,1349852.1819328882
2023-12-28,1237613.4325930462,1350361.9485410023
2023-12-29,1236062.2108303157,1346452.669185695
2024-01-02,1228766.3832164851,1338917.4922617716
2024-01-03,1230727.3465038387,1327983.1588216876
2024-01-04,1228941.3594204036,1323705.4475205785
2024-01-05,1233154.0463634578,1325518.3963048866
2024-01-08,1249156.8709277827,1344441.4778315648
2024-01-09,1250813.6144199092,1342401.9661103168
2024-01-10,1261570.2869373783,1349993.694710717
2024-01-11,1263771.0145587006,1349398.8779434925
2024-01-12,1268080.510324468,1350333.628173885
2024-01-16,1268805.8339091812,1345376.3171197153
2024-01-17,1264731.7258922134,1337897.6918722684
2024-01-18,1272332.9971485334,1349795.3630831367
2024-01-19,1287804.1669330793,1366622.1140388157
2024-01-22,1286892.15066721,1369511.7711201364
2024-01-23,1288236.6743125739,1373506.0115767962
2024-01-24,1294297.4794761,1375007.3472650542
2024-01-25,1297095.9363242446,1382485.7943969846
2024-01-26,1296218.9250594436,1380729.4863469112
2024-01-29,1307045.1720992385,1391663.9088447536
2024-01-30,1306257.9796042992,1390587.645836532
2024-01-31,1291529.8340552133,1367896.886790134
2024-02-01,1304841.1601671996,1385800.2569850672
2024-02-02,1338021.8547699219,1400389.1645919178
2024-02-05,1344541.5829152404,1395289.895471128
2024-02-06,1341735.1693749276,1399341.0438352972
2024-02-07,1356115.6083087279,1411012.063051468
2024-02-08,1355180.2554148985,1411635.2892435684
2024-02-09,1363546.6272159251,1419793.6923595923
2024-02-12,1360844.2035870957,1419170.3771097336
2024-02-13,1354331.3136618685,1399624.0693909554
2024-02-14,1368825.5345359754,1412343.476537021
2024-02-15,1369050.5624020395,1422088.0873848973
2024-02-16,1367632.1982951334,1415006.1253926111
2024-02-20,1357552.389270885,1407216.1542223888
2024-02-21,1351289.909852651,1408490.8379159486
2024-02-22,1388001.527619929,1437640.3327625324
2024-02-23,1391751.123403695,1438631.6346694015
2024-02-26,1385282.1587990653,1433362.6214614233
2024-02-27,1383788.3243067968,1436025.44843253
2024-02-28,1380188.4265946464,1434127.5385468695
2024-02-29,1389098.0685227828,1439283.0921708613
2024-03-01,1401129.201988283,1452795.558653974
2024-03-04,1407311.000839274,1451237.4931737229
2024-03-05,1403931.5466358294,1436733.7247837412
2024-03-06,1409462.7754160613,1444014.1074613659
2024-03-07,1419371.9493196956,1458347.8645908847
2024-03-08,1406541.2507779105,1449594.4665921195
2024-03-11,1392107.9695344758,1448348.1032656766
2024-03-12,1414279.161863023,1463928.7580681876
2024-03-13,1410548.9860339714,1461633.9177540916
2024-03-14,1404378.3105203751,1458744.6169038035
2024-03-15,1398697.3760592334,1448727.9346045319
2024-03-18,1407748.7291539917,1457337.860554787
2024-03-19,1413447.4343201388,1465436.3277995216
2024-03-20,1421230.6242157687,1478990.5623712447
2024-03-21,1427563.4709358327,1483878.3193162358
2024-03-22,1432298.303340923,1481065.0737914771
2024-03-25,1428640.5214885585,1476973.4932050712
2024-03-26,1424818.9561008327,1474245.4759549396
2024-03-27,1425015.793664083,1486634.656933485
2024-03-28,1425646.4878417104,1486350.562684728
2024-04-01,1427949.6719103903,1483764.681616733
2024-04-02,1427815.6159163564,1474330.793287325
2024-04-03,1430327.1097632498,1475950.3086207553
2024-04-04,1420235.7172537893,1457934.7256504511
2024-04-05,1436231.543908834,1473165.3834631143
2024-04-08,1433946.045158347,1473989.3458422672
2024-04-09,1427979.946746787,1475694.534739116
2024-04-10,1431010.0670936124,1460918.2496089474
2024-04-11,1441874.733848144,1471943.6891357016
2024-04-12,1423005.6488170978,1451626.230288401
2024-04-15,1415498.8062152436,1433440.1907688428
2024-04-16,1415718.0131749471,1430825.7221604558
2024-04-17,1404489.8729095256,1422357.843334579
2024-04-18,1405691.2981100474,1419431.138225834
2024-04-19,1385771.329237977,1407041.7791317725
2024-04-22,1393598.0669832793,1419999.415781106
2024-04-23,1406615.81815348,1436850.0342159907
2024-04-24,1402087.8682449444,1436168.2080189744
2024-04-25,1389696.4158486214,1430712.2625764695
2024-04-26,1409472.8509967795,1444266.675263709
2024-04-29,1402642.3408699539,1449381.440434431
2024-04-30,1400419.2345376834,1426421.4597849005
2024-05-01,1399672.5911815118,1421789.6548370651
2024-05-02,1400042.4983707923,1435088.204584907
2024-05-03,1403637.732282678,1452876.6012139642
2024-05-06,1421036.915926302,1467880.1617431382
2024-05-07,1421949.4395049345,1469500.0333076017
2024-05-08,1424480.001966511,1469641.9913742219
2024-05-09,1425558.8346021257,1478109.9592578567
2024-05-10,1427003.4768060276,1480013.8360133187
2024-05-13,1424184.4079356547,1480212.7019874484
2024-05-14,1431061.1359863745,1487004.3356879016
2024-05-15,1444887.1644330537,1505417.9177797402
2024-05-16,1440539.296711496,1502319.9546019172
2024-05-17,1441989.8909888717,1504479.9614700514
2024-05-20,1442415.690343425,1506213.0254452263
2024-05-21,1450104.17710236,1509907.1412566479
2024-05-22,1446777.5655250978,1505559.8758463603
2024-05-23,1451067.8585966907,1494562.6676289653
2024-05-24,1461202.2946556322,1504451.641102934
2024-05-28,1472709.5482457066,1505503.056996609
2024-05-29,1469931.6388475765,1494960.3995772249
2024-05-30,1454965.3139897848,1485043.2838516554
2024-05-31,1455413.8457710713,1498569.198056261
2024-06-03,1459124.1966981234,1499791.2486147066
2024-06-04,1455361.5568951906,1501467.849971163
2024-06-05,1467831.7026521151,1519313.0654499712
2024-06-06,1468593.8431638351,1519284.5669673376
2024-06-07,1469337.723720907,1517437.3309461104
2024-06-10,1478231.05233147,1522126.2219169717
2024-06-11,1477569.829981967,1525791.8392457592
2024-06-12,1483541.1546966278,1538323.156406441
2024-06-13,1490586.2478763305,1541420.5852377147
2024-06-14,1495429.936965152,1542358.363431887
2024-06-17,1498370.387765094,1554633.9067109297
2024-06-18,1503513.2822219573,1558583.7964039901
2024-06-20,1501745.0108253204,1554349.6343466563
2024-06-21,1495219.709128543,1552265.8609195678
2024-06-24,1489290.8793180324,1547219.8483382
2024-06-25,1504809.1393090244,1553177.9904793694
2024-06-26,1505287.7022801396,1555116.777876058
2024-06-27,1508805.9753282368,1557568.3598446406
2024-06-28,1502819.4612234689,1551439.2268076676
2024-07-01,1512443.3242910958,1554632.125555765
2024-07-02,1514639.5903527576,1565094.2747617082
2024-07-03,1519531.4995019275,1572078.540393215
2024-07-05,1528756.2202447557,1581144.0858345798
2024-07-08,1526447.194541437,1582968.7011852162
2024-07-09,1531395.5433851583,1584507.9754784806
2024-07-10,1540898.305058132,1600187.128161595
2024-07-11,1521499.442921291,1586389.5877943847
2024-07-12,1519068.580738674,1596395.7612781853
2024-07-15,1522659.0327441113,1600785.95252794
2024-07-16,1519822.4720455091,1610278.7970932974
2024-07-17,1499802.746179811,1587700.8742265778
2024-07-18,1487557.4186804213,1575499.6051179
2024-07-19,1484288.7791534895,1565037.2777964403
2024-07-22,1496644.4500451144,1581172.7624327303
2024-07-23,1500679.5048699435,1578692.6819815137
2024-07-24,1471513.580858713,1542915.3306518637
2024-07-25,1453712.8310606559,1534876.264931869
2024-07-26,1460631.2809442002,1552066.1934256137
2024-07-29,1462231.5652349705,1552978.6792164485
2024-07-30,1456029.3111665326,1545110.6043922573
2024-07-31,1469859.3661215284,1570225.4265599446
2024-08-01,1465787.6002908195,1547989.841715865
2024-08-02,1441720.159420738,1519168.7918816372
2024-08-05,1412593.6736114118,1474925.0757080005
2024-08-06,1425589.2515537792,1488523.1266967729
2024-08-07,1420865.014326184,1478573.7720627238
2024-08-08,1444301.3651626338,1512754.6740183253
2024-08-09,1454926.787916408,1519425.2782253425
2024-08-12,1457786.52410996,1520223.4138546088
2024-08-13,1473782.5183151027,1545224.598322793
2024-08-14,1478018.332600381,1550099.0856618078
2024-08-15,1484915.955632224,1576668.3991369235
2024-08-16,1487928.665749195,1580203.2796766276
2024-08-19,1494690.402330825,1595312.2845915472
2024-08-20,1496727.6517481762,1592718.0320942786
2024-08-21,1500428.5917846498,1598191.7000306717
2024-08-22,1491335.3671011117,1585648.2710148701
2024-08-23,1499910.5474771173,1602496.5739480408
2024-08-26,1495532.5266158846,1598676.174235448
2024-08-27,1496238.1108446536,1600871.6260913583
2024-08-28,1492630.8728078643,1591577.736557889
2024-08-29,1486267.402409915,1591720.4070865752
2024-08-30,1488807.4250553101,1606915.085564913
2024-09-03,1474963.1646424895,1573845.9806630672
2024-09-04,1473115.3695813566,1570624.7615478523
2024-09-05,1472891.7581836516,1566804.7180662926
2024-09-06,1459493.0364276702,1540435.2502006472
2024-09-09,1468616.8532667866,1557682.3537751762
2024-09-10,1463171.7988463154,1564467.3081437622
2024-09-11,1474799.9955814425,1580517.2973321502
2024-09-12,1477800.6723918798,1593830.0072635508
2024-09-13,1475874.9546851995,1602154.2359254009
2024-09-16,1477171.570370772,1604520.5005615982
2024-09-17,1473213.4198678383,1605176.1437776948
2024-09-18,1468951.7061685845,1600415.2941381827
2024-09-19,1482357.526920452,1627725.5681617802
2024-09-20,1483104.586813535,1624911.699232714
2024-09-23,1487148.3151818775,1628972.020545981
2024-09-24,1491991.5315059477,1633632.947380758
2024-09-25,1493335.614451343,1630030.026713765
2024-09-26,1494810.0518216433,1636492.5919975548
2024-09-27,1489326.1885594667,1634119.3808562155
2024-09-30,1491485.677764499,1640667.441587907
2024-10-01,1479666.5459209508,1625969.5272849817
2024-10-02,1474080.5513036032,1626656.1626009427
2024-10-03,1467237.0672490378,1623682.3459380933
2024-10-04,1476928.423395695,1638437.07909077
2024-10-07,1465019.0693957573,1623624.9927417927
2024-10-08,1479106.7567811012,1638980.3314159792
2024-10-09,1480418.12028622,1650332.7019731991
2024-10-10,1479197.0735026917,1647444.7369892849
2024-10-11,1483645.6237397566,1657309.8429840475
2024-10-14,1488111.2642713177,1670863.8994402543
2024-10-15,1485538.124760644,1657881.771907407
2024-10-16,1488819.810633571,1665087.7913569089
2024-10-17,1488650.089013793,1665230.6400011114
2024-10-18,1493397.4291938497,1671636.2083196333
2024-10-21,1493054.6827253017,1668891.0919799213
2024-10-22,1496063.3102020265,1668004.4329389737
2024-10-23,1482206.1285268934,1652763.0881953228
2024-10-24,1484427.788051811,1656337.688495198
2024-10-25,1487670.2945183786,1655765.7595718387
2024-10-28,1491927.352349189,1660884.443283923
2024-10-29,1498455.071152015,1663572.2064273339
2024-10-30,1491852.7680170098,1658539.3743941844
2024-10-31,1470213.3472597161,1626026.8804812822
2024-11-01,1474167.8027481618,1632889.8494460785
2024-11-04,1467502.8546433034,1629372.246111471
2024-11-05,1475747.5029258658,1649074.493964912
2024-11-06,1497077.9803886344,1690079.7138182372
2024-11-07,1504271.3687648708,1703147.5149145029
2024-11-08,1506368.8888178617,1710525.0596063575
2024-11-11,1500386.7501574308,1712154.994697501
2024-11-12,1503148.651488963,1706836.4653759466
2024-11-13,1502600.9982626073,1707665.7712205937
2024-11-14,1504391.34233539,1696685.305861746
2024-11-15,1489132.7603711016,1674953.0754671881
2024-11-18,1486557.1597187615,1681815.8663164678
2024-11-19,1496382.9889646694,1687963.8795981857
2024-11-20,1495936.5548270615,1688535.6304060286
2024-11-21,1493303.4056383728,1697600.1071542948
2024-11-22,1494466.9885128776,1702861.9957416141
2024-11-25,1489017.1284321586,1708638.1038249594
2024-11-26,1495825.800540464,1717559.3756979902
2024-11-27,1491037.7276705015,1712355.1965380043
2024-11-29,1500312.4107879018,1722992.6114121461
2024-12-02,1509500.233522797,1726080.9563520802
2024-12-03,1516611.8206273324,1726881.4074830604
2024-12-04,1525269.535747648,1737604.4959206202
2024-12-05,1525457.547737355,1734745.2075348564
2024-12-06,1534134.6097155416,1738033.5761997772
2024-12-09,1531337.7153390925,1729083.0933820468
2024-12-10,1536545.107096264,1723707.2108641916
2024-12-11,1554954.4049249382,1737032.7451127775
2024-12-12,1548520.024408886,1728082.2622950468
2024-12-13,1543927.053055355,1727739.568041374
2024-12-16,1553841.3729389114,1735116.756502196
2024-12-17,1554033.9224024173,1727967.9121334783
2024-12-18,1524910.3436594363,1676468.660396763
2024-12-19,1530721.0738611575,1675953.7284386714
2024-12-20,1536343.3608494299,1696083.453531621
2024-12-23,1550404.2306614416,1706240.3127423485
2024-12-24,1564734.8900935529,1725204.9842421203
2024-12-26,1562453.0409069262,1725320.0468657548
2024-12-27,1549103.7585498895,1707158.3201141933
2024-12-30,1537853.2160726644,1687677.113616682
2024-12-31,1531064.0410148553,1681537.1155332047
2025-01-02,1532472.459016248,1677405.7261288695
2025-01-03,1549149.9209760868,1698379.0063077828
2025-01-06,1563175.2661883396,1708162.535396006
2025-01-07,1548008.921575287,1688853.3884873965
2025-01-08,1547618.981624887,1691320.8227369445
2025-01-10,1541504.237752277,1665498.5257378703
2025-01-13,1537921.4479437836,1668081.200726569
2025-01-14,1531374.884644126,1670376.041040665
2025-01-15,1555508.752625083,1700760.2326473629
2025-01-16,1541052.303027293,1697489.6755340882
2025-01-17,1553924.3470396595,1714531.946264686
2025-01-21,1553046.1911244062,1730226.0606511831
2025-01-22,1564223.3551856494,1739952.770889655
2025-01-23,1569200.3929979422,1749449.5339963743
2025-01-24,1564456.1641676335,1744342.071561827
2025-01-27,1526704.916271831,1719667.907181867
2025-01-28,1547722.883585373,1734443.8360810026
2025-01-29,1541040.5871058502,1726668.5594408885
2025-01-30,1551379.9405448055,1735935.7316468882
2025-01-31,1552580.0924955308,1726697.2360390387
2025-02-03,1546137.7402733534,1715077.1578605762
2025-02-04,1556045.251573003,1726582.5296464371
2025-02-05,1546446.8010400897,1733582.8256744253
2025-02-06,1554419.3125702147,1739608.2954808173
2025-02-07,1546603.5985223514,1723684.5901936009
2025-02-10,1555498.4307636425,1735390.6981665145
2025-02-11,1552765.7626947612,1736710.1779124648
2025-02-12,1552621.2155801784,1731115.5695403945
2025-02-13,1567059.2196162357,1749391.8245690404
2025-02-14,1569929.6883715359,1749305.972890106
2025-02-18,1574447.9851511684,1754441.5775762538
2025-02-19,1575231.7275675503,1758572.9669805893
2025-02-20,1566177.8419326413,1751256.6940263973
2025-02-21,1541323.9915227904,1721303.1857385044
2025-02-24,1530250.524321607,1713470.5559020892
2025-02-25,1505916.8315891926,1704948.9752479992
2025-02-26,1509084.5984018783,1705809.9856545762
2025-02-27,1505474.1956912032,1678582.000999584
2025-02-28,1507879.8534790576,1704776.9156590968
2025-03-03,1504057.0188360347,1674909.437165655
2025-03-04,1496112.4462919368,1655083.755259306
2025-03-05,1501320.4090028019,1672872.5081193957
2025-03-06,1488139.0780283757,1643176.7329838232
2025-03-07,1484115.0478388956,1652386.7301090388
2025-03-10,1455795.7128072132,1608374.3859912858
2025-03-11,1455863.6524672182,1595004.3228635846
2025-03-12,1459139.651708166,1603468.0159748245
2025-03-13,1444483.4475350496,1582093.0853062891
2025-03-14,1453787.1520024317,1614772.4734581164
2025-03-17,1452186.4749446283,1627224.7073294893
2025-03-18,1445594.5283284076,1609636.690656452
2025-03-19,1452530.124044533,1627167.3541331883
2025-03-20,1454227.3878828892,1622461.7203037797
2025-03-21,1458133.1837432233,1622997.313661781
2025-03-24,1473937.9164501322,1652062.3817535616
2025-03-25,1479229.6524153096,1656033.8234241141
2025-03-26,1470470.018764048,1636263.713558901
2025-03-27,1471740.29283694,1631918.051188262
2025-03-28,1459525.1907996484,1599054.1353613804
2025-03-31,1467447.4650797572,1609788.2669609608
2025-04-01,1469342.0695576617,1614335.1998652022
2025-04-02,1478054.1468353583,1624551.1934273948
2025-04-03,1435054.174213517,1544492.009203585
2025-04-04,1384638.515088485,1454072.8250225228
2025-04-07,1380423.8622335657,1451482.7582398911
2025-04-08,1404979.630478735,1428748.6280652343
2025-04-09,1439712.7012036075,1578794.7421724463
2025-04-10,1432835.804503702,1509613.6068855184
2025-04-11,1438197.2593743321,1536549.3039779963
2025-04-14,1441822.9398159964,1551455.9696662151
2025-04-15,1440866.0340549645,1547110.4854110924
2025-04-16,1441478.6896088223,1512721.5445322632
2025-04-17,1438333.609955213,1514879.770245233
2025-04-21,1443070.3938812022,1478821.4416883641
2025-04-22,1441084.4576360837,1517297.3321501713
2025-04-23,1436577.1621620576,1540808.4022076349
2025-04-24,1438896.1627166746,1573240.7441381293
2025-04-25,1436239.463769111,1584607.8982832157
2025-04-28,1440118.819639682,1585212.0661150548
2025-04-29,1438189.3306617348,1595197.9344299787
2025-04-30,1436160.043996772,1595831.1350910012
2025-05-01,1432033.7415758688,1607140.7579242704
2025-05-02,1433613.0239059639,1630997.1939681536
2025-05-05,1438513.7426231727,1621644.526314252
2025-05-06,1440870.2466143677,1608090.291742529
2025-05-07,1440037.2773260975,1614853.1597870737
2025-05-08,1434709.9235160805,1626105.073193009
2025-05-09,1434645.3566487345,1624033.055390007
2025-05-12,1429732.1510273514,1677703.3571568774
2025-05-13,1430483.452044362,1688782.6766273612
2025-05-14,1429418.8937868741,1690940.902340331
2025-05-15,1431318.7005724576,1699199.940723156
2025-05-16,1428932.9707921196,1709962.748920887
2025-05-19,1431947.8967601513,1711833.4961902872
2025-05-20,1435637.1813996953,1706077.8713913353
2025-05-21,1438779.7754415197,1677329.1364567908
2025-05-22,1436614.1472853594,1677991.1918314798
2025-05-23,1441233.6769552424,1666537.4735453927
2025-05-27,1436248.4811401512,1701185.7506161907
2025-05-28,1435463.877677576,1691343.6215230515
2025-05-29,1435159.5035998598,1698020.2816576285
2025-05-30,1433836.2137994121,1696121.2140211111
2025-06-02,1440948.7874050315,1705675.330324131
2025-06-03,1439113.1592674626,1715401.8624470863
2025-06-04,1437050.347814921,1714941.4338370322
2025-06-05,1436964.5048986766,1706653.3626250238
2025-06-06,1437486.647268505,1724179.0388672992
2025-06-09,1438430.0864041636,1725733.0967484298
2025-06-10,1437272.2540470602,1735517.694529752
2025-06-11,1439056.0777277157,1730567.6862117571
2025-06-12,1439901.3565591977,1737445.4387644199
2025-06-13,1442242.2903923295,1718020.5167701102
2025-06-16,1443111.8768047313,1734366.3558313418
2025-06-17,1440411.884922279,1719546.076168607
2025-06-18,1440137.4943436785,1719286.7399766382
2025-06-20,1441677.1767580535,1715248.8612184455
2025-06-23,1437850.7174215412,1732191.3872598247
2025-06-24,1435436.9689438925,1751327.2277709164
2025-06-25,1437300.204450623,1752308.644266622
2025-06-26,1440524.2030151677,1766018.373684216
2025-06-27,1437577.7518623662,1774792.5221406494
2025-06-30,1442841.3338761753,1783278.1234604141
2025-07-01,1444040.9247735294,1782701.0291870772
2025-07-02,1447542.2715753221,1790782.4863999898
2025-07-03,1446970.877940526,1804896.3599244363
2025-07-07,1443467.3057740831,1791446.3229298433
2025-07-08,1439081.3689226396,1790465.0845496545
2025-07-09,1440524.1339680746,1801201.887881982
2025-07-10,1442357.541885666,1806281.920526994
2025-07-11,1447622.3661272323,1799931.924249608
2025-07-14,1448201.7238082804,1803366.347638028
2025-07-15,1448699.6637229838,1795660.1798183008
2025-07-16,1450927.7423175788,1801663.5633006515
2025-07-17,1451738.7245182013,1812689.091885164
2025-07-18,1453793.192150495,1811361.5969409728
2025-07-21,1460706.6602119422,1814796.198444909
2025-07-22,1459735.545206449,1815056.068983427
2025-07-23,1461964.072122953,1830497.6155675813
2025-07-24,1465463.2851096522,1831103.5645545847
2025-07-25,1464444.508100345,1838838.7652034953
2025-07-28,1462712.0645744395,1838377.0897848257
2025-07-29,1465430.2870107363,1833528.072964665
2025-07-30,1464137.133149394,1831218.983409252
2025-07-31,1462521.9019481172,1824349.9585168962
2025-08-01,1446909.8366231343,1794447.7474977442
2025-08-04,1460879.2457598168,1821723.110880115
2025-08-05,1455300.6323013795,1812486.9307739798
2025-08-06,1459603.9047347968,1826370.3228201242
2025-08-07,1461032.6118878732,1824840.310533716
2025-08-08,1465406.5989941964,1839069.60291283
2025-08-11,1461530.5289085582,1835433.018413226
2025-08-12,1470656.8967087315,1854973.1811466862
2025-08-13,1469357.3887126187,1861322.9993085556
2025-08-14,1473983.9542048401,1861495.94947504
2025-08-15,1470502.319139272,1857137.8190182487
2025-08-18,1468801.3191666894,1856733.49679588
2025-08-19,1456133.7545949428,1846660.3518778896
2025-08-20,1451431.6004869211,1841753.8037459117
2025-08-21,1447822.6700004707,1834365.03777652
2025-08-22,1466710.4255394111,1862535.0753980791
2025-08-25,1466835.231386579,1854337.8430994663
2025-08-26,1469739.093233503,1862102.0765775603
2025-08-27,1471001.9100822578,1866344.9662952006
2025-08-28,1477719.8179496895,1872954.298764555
2025-08-29,1472581.345766462,1861784.674727225
2025-09-02,1467687.9457573066,1847988.2030531135
2025-09-03,1483270.7557914846,1858003.6385437704
2025-09-04,1494926.5319810493,1873531.5711534084
2025-09-05,1489511.8375172939,1868105.460059911
2025-09-08,1496616.7056966152,1872694.6063415534
2025-09-09,1508080.01422933,1877024.0602001946
2025-09-10,1507525.5977254238,1882450.3494092086
2025-09-11,1508866.8272365376,1898093.8789890304
2025-09-12,1511937.5357206836,1897458.7190573271
2025-09-15,1528585.5542589733,1907560.7186889842
2025-09-16,1530463.462060451,1904934.227283236
2025-09-17,1524552.2601919824,1902567.4283004894
2025-09-18,1528616.6344224906,1911457.1737271065
2025-09-19,1534273.9004420547,1920924.3696580932
2025-09-22,1534196.0694102554,1930012.1795390157
2025-09-23,1526675.939046791,1919506.3920315392
2025-09-24,1519037.8728160171,1913398.9890875746
2025-09-25,1516490.9727866452,1904571.762207236
2025-09-26,1520876.8682759027,1915483.1187456963
2025-09-29,1526778.3976965589,1920866.4821152429
2025-09-30,1525426.0180130622,1928102.0687404776
2025-10-01,1525651.6099913556,1934672.21579621
2025-10-02,1525529.501630016,1936900.4409071496
2025-10-03,1524568.7372804075,1936871.764308999
2025-10-06,1535102.8059754758,1943817.913219983
2025-10-07,1530794.6370759397,1936611.1813084153
2025-10-08,1536819.7219911008,1948159.300818227
2025-10-09,1536258.5383491702,1942515.532563613
2025-10-10,1514065.2864418216,1890013.4904692168
2025-10-13,1534118.8600949284,1919014.0807440383
2025-10-14,1527890.7450364109,1916669.724316366
2025-10-15,1534135.7594899936,1925178.8368843037
2025-10-16,1538153.1384052222,1912068.109948571
2025-10-17,1536150.788920359,1922921.4008286647
2025-10-20,1551552.5640611427,1942920.745363564
2025-10-21,1535946.4659013527,1942891.7125343808
2025-10-22,1533127.621577709,1932790.7815958224
2025-10-23,1535889.901164501,1944252.1588491173
2025-10-24,1548353.8208040884,1960141.665957173
2025-10-27,1557505.6572929383,1983266.7596904635
2025-10-28,1562310.6446276752,1988534.3479743102
2025-10-29,1566517.7115228337,1989489.5814890957
2025-10-30,1567436.310602074,1967608.8027538084
2025-10-31,1564718.7476087166,1974062.9966083243
2025-11-03,1568008.0711535309,1977767.7993507332
2025-11-04,1556283.4275383707,1954324.2350740088
2025-11-05,1556943.694413567,1961096.8994719586
2025-11-06,1551280.6159597153,1940055.4010502405
2025-11-07,1547778.4818111265,1941965.5118487785
2025-11-10,1572095.590412479,1972268.6608954864
2025-11-11,1576417.870091672,1976783.5330067645
2025-11-12,1578652.6185152708,1977883.396320917
2025-11-13,1557604.2757758796,1945062.4063335026
2025-11-14,1553856.197032054,1944744.2920211018
2025-11-17,1551453.2208110145,1926625.8473400406
2025-11-18,1548111.661813581,1910447.0806332505
2025-11-19,1554810.0362097234,1917827.4751733688
2025-11-20,1543066.5807615728,1888595.512842663
2025-11-21,1547239.1554976418,1907408.0736913763
2025-11-24,1570302.800696614,1935482.4632805958
2025-11-25,1571986.706762984,1953687.2939871408
2025-11-26,1578241.9117161087,1967174.7352401905
2025-11-28,1583228.2489315323,1977912.4291501006
2025-12-01,1578415.966975296,1968882.3286965115
2025-12-02,1580276.8892180494,1972529.2438960702
2025-12-03,1585900.6399401014,1979359.617721354
2025-12-04,1584827.4228605554,1980806.8062926074
2025-12-05,1587923.2170944687,1984569.1403468337
2025-12-08,1586972.8583464157,1978607.079664302
2025-12-09,1592320.0460298264,1976899.308092465
2025-12-10,1597312.1136471122,1990010.5693747469
2025-12-11,1597157.0051363697,1994641.2165717252
2025-12-12,1590403.77815169,1973194.6834655723
2025-12-15,1590104.7432395807,1970213.5640665481
2025-12-16,1590812.6138216543,1964830.3788125182
2025-12-17,1579599.388964324,1943210.1830778148
2025-12-18,1587787.4300430508,1957883.8736705014
2025-12-19,1595318.8508883463,1975629.1663445744
2025-12-22,1602717.3037004755,1987936.9485320966
2025-12-23,1608999.578008337,1997022.799142338
2025-12-24,1610817.0904620476,2004047.675111598
2025-12-26,1610392.3796588802,2003844.445307315
2025-12-29,1596533.7496450006,1996703.4380213218
2025-12-30,1594868.3718326022,1994265.0366009576
2025-12-31,1589331.3980698457,1979489.8201638877
2026-01-02,1594772.2081234658,1983118.2113497346
2026-01-05,1612142.9930290284,1996326.1893574554
2026-01-06,1614754.5257348693,2008198.6572227443
2026-01-07,1613100.1614107946,2001725.405007967
2026-01-08,1617418.9658908667,2001522.175203684
2026-01-09,1624650.9577070726,2014759.007925072
2026-01-12,1630872.5244472919,2017923.0519595023
2026-01-13,1627826.4748848053,2013888.2011650892
2026-01-14,1622874.5910766693,2003989.4313377151
2026-01-15,1629272.9614457374,2009446.89076211
2026-01-16,1623946.961152967,2007763.1647849951
2026-01-20,1610626.4391854377,1966891.5315690162
2026-01-21,1622700.2149797615,1989591.6416800283
2026-01-22,1628373.16576272,1999983.7914880018
2026-01-23,1627510.045753066,2000709.2559865515
2026-01-26,1635243.8091438205,2010869.321276575
2026-01-27,1643608.227047343,2018880.9572070348
2026-01-28,1656976.6130805346,2018677.7274027516
2026-01-29,1661266.540770934,2014671.909437522
2026-01-30,1630591.8464091956,2008663.1824896776
2026-02-02,1622437.0265763977,2018648.6945735682
2026-02-03,1631608.7186955314,2001580.2408620503
2026-02-04,1620332.348224978,1991884.878954476
2026-02-05,1599968.2570756604,1967007.6628857492
2026-02-06,1606863.8269042433,2004744.284896481
2026-02-09,1614493.9979673813,2014410.613974872
2026-02-10,1609196.4362427057,2009098.4968119105
2026-02-11,1606269.3949844507,2008634.149660494
2026-02-12,1585789.4336999066,1977603.042498006
2026-02-13,1587227.2706044323,1978996.2620677715
2026-02-17,1582938.1880868084,1982189.3389313854
2026-02-18,1595885.047347625,1992175.0291307927
2026-02-19,1593910.980785971,1986920.9776261975
2026-02-20,1607485.2814876293,2001290.090685734
2026-02-23,1601202.042589741,1980854.1850199862
2026-02-24,1604652.4461122325,1995251.9746776733
2026-02-25,1613936.4060950475,2012088.5219867572
2026-02-26,1608495.284829636,2000912.4857908348
2026-02-27,1596345.4342630468,1991304.22237081
2026-03-02,1602597.0585798784,1992436.3245934425
2026-03-03,1597708.0309933529,1974874.4909013251
2026-03-04,1602149.3372005778,1988807.9334075956
2026-03-05,1595189.9554402216,1977718.9956992227
2026-03-06,1594614.9811682994,1951796.7758954132
2026-03-09,1603813.1013737991,1968894.440551631
2026-03-10,1607623.8449574783,1965730.3965172004
2026-03-11,1609130.9382943672,1963263.1403831693
2026-03-12,1601075.9040185357,1933451.055815347
2026-03-13,1594652.729327588,1922507.460368407
2026-03-16,1597148.2539473996,1942072.5592741722
2026-03-17,1601211.6720018103,1947181.2685173345
2026-03-18,1599040.4420579183,1920010.993289676
2026-03-19,1589213.0768120992,1915279.354594864
2026-03-20,1580737.740360403,1887822.4915012182
2026-03-23,1573698.5296143712,1907644.6110972378
2026-03-24,1573710.0181162162,1901241.002049397
2026-03-25,1578877.8618296785,1911836.025430621
2026-03-26,1565955.029402206,1877693.062080026
2026-03-27,1564175.965579878,1845674.8387253056
2026-03-30,1568129.7810875273,1839504.0266574807
2026-03-31,1581309.0956846375,1892974.4828148808
2026-04-01,1587125.0502464767,1907237.082795573
2026-04-02,1592435.714280253,1908954.4726052992
2026-04-06,1596267.0847143927,1917977.8046692626
2026-04-07,1597476.9230077104,1918821.7159862595
2026-04-08,1607925.3515114589,1967693.4076241278
2026-04-09,1611509.5482674283,1979045.0657192823
2026-04-10,1611142.4646079405,1977735.3823267373
2026-04-13,1616008.6007296194,1997062.6970180257
2026-04-14,1632275.0256641628,2021396.6607615435
2026-04-15,1633969.158346963,2037347.4396072626
2026-04-16,1632584.1447470225,2042353.9105439757
2026-04-17,1645990.3397897754,2067037.1588152752
2026-04-20,1645641.1206583057,2062903.6320247422
2026-04-21,1633336.2501596485,2049398.0229890135
2026-04-22,1645488.1842303541,2070151.6867361295
2026-04-23,1642843.2508859742,2062117.9644816285
2026-04-24,1662851.4547868837,2078097.9542720472
2026-04-27,1664468.7288744557,2081678.076152933
2026-04-28,1655910.6524660694,2071548.6467317406
2026-04-29,1654343.7293932545,2071228.5731486583
2026-04-30,1675705.0080764513,2091836.5384033085
2026-05-01,1681312.2525075567,2097629.0331141683
2026-05-04,1669236.4254201544,2089944.5953874493
2026-05-05,1681139.8552998337,2106710.6089520147
2026-05-06,1712812.9046023865,2135992.621742846
2026-05-07,1710919.900538931,2129443.492318056
2026-05-08,1730386.4959569639,2147024.3843704346
2026-05-11,1736059.313698358,2151914.367759382
2026-05-12,1740821.6475636335,2148654.319461578
2026-05-13,1751810.823314366,2160675.6918986295
2026-05-14,1757362.736716149,2177732.746217094
2026-05-15,1742041.2843428138,2151536.0504024164
2026-05-18,1737595.8603323745,2150022.4247435224
2026-05-19,1730967.8573704874,2135701.5809889473
2026-05-20,1746288.861774135,2157590.3749224753
2026-05-21,1746285.0519724772,2161869.0658589248
2026-05-22,1747500.5249175848,2170368.5601889733
2026-05-26,1753210.0966931381,2184776.8586621312
2026-05-27,1749087.6605585879,2184398.36318965
2026-05-28,1765393.3339093262,2196448.7684558844
2026-05-29,1754695.2312239702,2201921.0114681455
2026-06-01,1758347.4502523798,2207917.0922143213
2026-06-02,1758746.6703105075,2210915.3107029255
2026-06-03,1754489.360905347,2195400.9148725388
2026-06-04,1766957.2444022794,2203696.645051755
2026-06-05,1717532.681675305,2146820.6202196022
2026-06-08,1730095.6015341152,2151681.3926638495
2026-06-09,1713897.81658425,2145365.2383345915
2026-06-10,1692097.3244762789,2111542.3485670784
2026-06-11,1709425.5889624667,2147431.9126720997
2026-06-12,1716153.5338595537,2159045.756807486
2026-06-15,1737468.3167497667,2197118.304682265
2026-06-16,1723074.5430692285,2184020.0458326847
2026-06-17,1721806.6450930417,2156746.285489962
2026-06-18,1735588.4852133295,2179169.9603194254
2026-06-22,1731092.6847771953,2172312.1567046065
2026-06-23,1712212.7199837689,2140765.9394685104
2026-06-24,1705312.1027701404,2139773.657926301
2026-06-25,1697743.591599532,2142866.9901006958
2026-06-26,1691463.1842539322,2127371.118284021
2026-06-29,1706288.658974564,2162419.2646892755
2026-06-30,1717778.753384858,2179257.5931535247
2026-07-01,1709067.883227616,2176310.137587112
2026-07-02,1705123.2587178047,2173450.3148547984
2026-07-06,1723914.0914776619,2192418.9048959324
2026-07-07,1713384.153693467,2182000.7502225554
2026-07-08,1710482.4502455376,2175259.6122710193
2026-07-09,1724728.4865024127,2193673.728709407
2026-07-10,1724540.8548928697,2203128.8127852743
2026-07-13,1714487.1650790432,2186261.2733763256
2026-07-14,1735189.1860517147,2194023.903814771
2026-07-15,1740899.7372008692,2202720.2157905106
2026-07-16,1720394.8282008618,2190784.5169168776
2026-07-17,1710228.1538506553,2169101.9807514125
2026-07-20,1709837.4721830585,2165600.22969777
2026-07-21,1728395.0740434215,2183664.171030794
2026-07-22,1731121.8866556461,2181125.1343436283
2026-07-23,1712595.8796995457,2154189.793482183
2026-07-24,1711618.7655567904,2156378.476948468
2026-07-27,1704081.224102292,2156845.495832631
2026-07-28,1694563.2545688886,2162010.6676945123
2026-07-29,1682233.5795887327,2128742.7858762946
2026-07-30,1694062.3935363493,2164432.8606028785
2026-07-31,1692706.7617023191,2180016.3652536524
